ISO-10303-21;
HEADER;
FILE_DESCRIPTION (( 'STEP AP214' ),
    '1' );
FILE_NAME ('SiT1602BC-71-18E-10.000000.STEP',
    '2025-12-31T14:57:33',
    ( 'LENOVO' ),
    ( '' ),
    'SwSTEP 2.0',
    'SolidWorks 2021',
    '' );
FILE_SCHEMA (( 'AUTOMOTIVE_DESIGN' ));
ENDSEC;

DATA;
#1 = PLANE ( 'NONE',  #2392 ) ;
#2 = DIRECTION ( 'NONE',  ( 0.000000000000000000, 1.000000000000000000, 0.000000000000000000 ) ) ;
#3 = EDGE_CURVE ( 'NONE', #824, #396, #3101, .T. ) ;
#4 = CARTESIAN_POINT ( 'NONE',  ( 0.6049999999999998712, 0.1999999999999999833, 0.9999999999999995559 ) ) ;
#5 = ORIENTED_EDGE ( 'NONE', *, *, #2877, .T. ) ;
#6 = DIRECTION ( 'NONE',  ( 1.000000000000000000, -0.000000000000000000, 3.423796334164758816E-15 ) ) ;
#7 = EDGE_LOOP ( 'NONE', ( #421, #369, #1495, #274 ) ) ;
#8 = EDGE_CURVE ( 'NONE', #2722, #1202, #3019, .T. ) ;
#9 = FACE_OUTER_BOUND ( 'NONE', #2388, .T. ) ;
#10 = EDGE_LOOP ( 'NONE', ( #526, #1617, #1190, #118, #277, #462, #1546, #563, #2683, #2222 ) ) ;
#11 = ORIENTED_EDGE ( 'NONE', *, *, #1757, .F. ) ;
#12 = DIRECTION ( 'NONE',  ( 1.000000000000000000, -0.000000000000000000, 2.710505431213765029E-16 ) ) ;
#13 = DIRECTION ( 'NONE',  ( 0.000000000000000000, 0.000000000000000000, -1.000000000000000000 ) ) ;
#14 = LINE ( 'NONE', #1844, #1107 ) ;
#15 = PLANE ( 'NONE',  #165 ) ;
#16 = VECTOR ( 'NONE', #2860, 1000.000000000000000 ) ;
#17 = AXIS2_PLACEMENT_3D ( 'NONE', #671, #456, #1404 ) ;
#18 = DIRECTION ( 'NONE',  ( 0.000000000000000000, 1.000000000000000000, 0.000000000000000000 ) ) ;
#19 = VERTEX_POINT ( 'NONE', #2302 ) ;
#20 = DIRECTION ( 'NONE',  ( -0.000000000000000000, 1.000000000000000000, -0.000000000000000000 ) ) ;
#21 = ORIENTED_EDGE ( 'NONE', *, *, #1965, .F. ) ;
#22 = CARTESIAN_POINT ( 'NONE',  ( 0.6049999999999993161, 0.1999999999999999833, 0.3200000000000001732 ) ) ;
#23 = LINE ( 'NONE', #415, #2191 ) ;
#24 = DIRECTION ( 'NONE',  ( 0.000000000000000000, 0.000000000000000000, -1.000000000000000000 ) ) ;
#25 = AXIS2_PLACEMENT_3D ( 'NONE', #3056, #355, #2239 ) ;
#26 = ORIENTED_EDGE ( 'NONE', *, *, #3087, .F. ) ;
#27 = CARTESIAN_POINT ( 'NONE',  ( -0.6049999999999994271, 0.000000000000000000, -1.000000000000000444 ) ) ;
#28 = VECTOR ( 'NONE', #1221, 1000.000000000000000 ) ;
#29 = DIRECTION ( 'NONE',  ( 0.000000000000000000, 0.000000000000000000, 1.000000000000000000 ) ) ;
#30 = ORIENTED_EDGE ( 'NONE', *, *, #2517, .F. ) ;
#31 = DIRECTION ( 'NONE',  ( 0.000000000000000000, 1.000000000000000000, 0.000000000000000000 ) ) ;
#32 = MECHANICAL_DESIGN_GEOMETRIC_PRESENTATION_REPRESENTATION (  '', ( #1056 ), #661 ) ;
#33 = CARTESIAN_POINT ( 'NONE',  ( 0.6049999999999998712, 0.1999999999999999833, -1.000000000000000444 ) ) ;
#34 = ORIENTED_EDGE ( 'NONE', *, *, #485, .T. ) ;
#35 = ADVANCED_FACE ( 'NONE', ( #1922 ), #57, .F. ) ;
#36 = LINE ( 'NONE', #166, #3139 ) ;
#37 = EDGE_LOOP ( 'NONE', ( #1154, #3216, #2867, #40 ) ) ;
#38 = DIRECTION ( 'NONE',  ( 4.279745417705952464E-16, 0.000000000000000000, 1.000000000000000000 ) ) ;
#39 = ORIENTED_EDGE ( 'NONE', *, *, #3030, .F. ) ;
#40 = ORIENTED_EDGE ( 'NONE', *, *, #138, .T. ) ;
#41 = DIRECTION ( 'NONE',  ( 0.000000000000000000, -1.000000000000000000, 0.000000000000000000 ) ) ;
#42 = ORIENTED_EDGE ( 'NONE', *, *, #1143, .T. ) ;
#43 = PLANE ( 'NONE',  #1133 ) ;
#44 = VERTEX_POINT ( 'NONE', #411 ) ;
#45 = PLANE ( 'NONE',  #1451 ) ;
#46 = ORIENTED_EDGE ( 'NONE', *, *, #2527, .F. ) ;
#47 = CARTESIAN_POINT ( 'NONE',  ( -0.3249999999999992895, 0.05000000000000000278, 0.9999999999999995559 ) ) ;
#48 = ORIENTED_EDGE ( 'NONE', *, *, #1120, .F. ) ;
#49 = ORIENTED_EDGE ( 'NONE', *, *, #2309, .T. ) ;
#50 = PLANE ( 'NONE',  #2504 ) ;
#51 = DIRECTION ( 'NONE',  ( 0.000000000000000000, 0.000000000000000000, -1.000000000000000000 ) ) ;
#52 = DIRECTION ( 'NONE',  ( -0.000000000000000000, -1.000000000000000000, -0.000000000000000000 ) ) ;
#53 = ORIENTED_EDGE ( 'NONE', *, *, #2756, .F. ) ;
#54 = EDGE_CURVE ( 'NONE', #2908, #3210, #1905, .T. ) ;
#55 = EDGE_LOOP ( 'NONE', ( #1085, #2047, #1310, #351 ) ) ;
#56 = LINE ( 'NONE', #1738, #1163 ) ;
#57 = PLANE ( 'NONE',  #2223 ) ;
#58 = ORIENTED_EDGE ( 'NONE', *, *, #130, .F. ) ;
#59 = VERTEX_POINT ( 'NONE', #876 ) ;
#60 = AXIS2_PLACEMENT_3D ( 'NONE', #801, #2718, #1311 ) ;
#61 = ADVANCED_FACE ( 'NONE', ( #944 ), #2086, .F. ) ;
#62 = CYLINDRICAL_SURFACE ( 'NONE', #217, 0.09999999999999993616 ) ;
#63 = CARTESIAN_POINT ( 'NONE',  ( 0.6050000000000005373, -0.8323460818673934503, -0.7999999999999998224 ) ) ;
#64 = EDGE_LOOP ( 'NONE', ( #1784, #2788, #2212, #2110 ) ) ;
#65 = DIRECTION ( 'NONE',  ( -0.000000000000000000, 0.000000000000000000, 1.000000000000000000 ) ) ;
#66 = VERTEX_POINT ( 'NONE', #208 ) ;
#67 = CARTESIAN_POINT ( 'NONE',  ( 0.7049999999999992939, 0.1999999999999999833, 0.4200000000000006506 ) ) ;
#68 = AXIS2_PLACEMENT_3D ( 'NONE', #1022, #712, #1448 ) ;
#69 = CYLINDRICAL_SURFACE ( 'NONE', #1260, 0.1000000000000001582 ) ;
#70 = DIRECTION ( 'NONE',  ( -0.000000000000000000, -1.000000000000000000, -0.000000000000000000 ) ) ;
#71 = ORIENTED_EDGE ( 'NONE', *, *, #299, .T. ) ;
#72 = ORIENTED_EDGE ( 'NONE', *, *, #1523, .F. ) ;
#73 = DIRECTION ( 'NONE',  ( 5.421010862427508365E-16, 0.000000000000000000, 1.000000000000000000 ) ) ;
#74 = EDGE_CURVE ( 'NONE', #1814, #3093, #1016, .T. ) ;
#75 = VECTOR ( 'NONE', #1444, 1000.000000000000000 ) ;
#76 = DIRECTION ( 'NONE',  ( -0.000000000000000000, -1.000000000000000000, -0.000000000000000000 ) ) ;
#77 = PLANE ( 'NONE',  #1938 ) ;
#78 = CARTESIAN_POINT ( 'NONE',  ( -0.7999999999999998224, 0.05000000000000000278, 0.9999999999999995559 ) ) ;
#79 = ORIENTED_EDGE ( 'NONE', *, *, #604, .T. ) ;
#80 = VERTEX_POINT ( 'NONE', #426 ) ;
#81 = EDGE_CURVE ( 'NONE', #2208, #312, #3155, .T. ) ;
#82 = LINE ( 'NONE', #1067, #1245 ) ;
#83 = CARTESIAN_POINT ( 'NONE',  ( -0.7049999999999992939, -0.8323460818673934503, 0.4200000000000008726 ) ) ;
#84 = DIRECTION ( 'NONE',  ( 0.000000000000000000, 1.000000000000000000, 0.000000000000000000 ) ) ;
#85 = VERTEX_POINT ( 'NONE', #465 ) ;
#86 = ORIENTED_EDGE ( 'NONE', *, *, #812, .F. ) ;
#87 = EDGE_CURVE ( 'NONE', #2956, #66, #1025, .T. ) ;
#88 = LINE ( 'NONE', #2314, #75 ) ;
#89 = ORIENTED_EDGE ( 'NONE', *, *, #328, .F. ) ;
#90 =( NAMED_UNIT ( * ) PLANE_ANGLE_UNIT ( ) SI_UNIT ( $, .RADIAN. ) );
#91 = ORIENTED_EDGE ( 'NONE', *, *, #2983, .T. ) ;
#92 = ORIENTED_EDGE ( 'NONE', *, *, #2987, .T. ) ;
#93 = DIRECTION ( 'NONE',  ( -0.000000000000000000, 1.000000000000000000, -0.000000000000000000 ) ) ;
#94 = ADVANCED_FACE ( 'NONE', ( #3172 ), #1240, .F. ) ;
#95 = CIRCLE ( 'NONE', #1688, 0.1000000000000001027 ) ;
#96 = DIRECTION ( 'NONE',  ( -1.000000000000000000, 0.000000000000000000, -0.000000000000000000 ) ) ;
#97 = CARTESIAN_POINT ( 'NONE',  ( -0.6049999999999994271, 0.05000000000000000278, -0.9000000000000003553 ) ) ;
#98 = EDGE_LOOP ( 'NONE', ( #3214, #978, #2253, #1161 ) ) ;
#99 = ORIENTED_EDGE ( 'NONE', *, *, #8, .T. ) ;
#100 = EDGE_LOOP ( 'NONE', ( #2688, #680, #2709, #89 ) ) ;
#101 = CARTESIAN_POINT ( 'NONE',  ( -0.3249999999999993450, -0.8323460818673934503, 0.8999999999999993561 ) ) ;
#102 = DIRECTION ( 'NONE',  ( 0.000000000000000000, 0.000000000000000000, 1.000000000000000000 ) ) ;
#103 = CARTESIAN_POINT ( 'NONE',  ( 0.6049999999999998712, -0.8323460818673934503, -0.9000000000000003553 ) ) ;
#104 = CARTESIAN_POINT ( 'NONE',  ( -0.7049999999999992939, 0.1999999999999999833, -0.4200000000000008726 ) ) ;
#105 = EDGE_LOOP ( 'NONE', ( #2889, #3149, #188, #2339 ) ) ;
#106 = VERTEX_POINT ( 'NONE', #1262 ) ;
#107 = EDGE_LOOP ( 'NONE', ( #942, #922, #2082, #1556, #2827, #2844, #1535, #1768, #1257, #973, #3075, #3165, #2030, #164, #2595, #151, #2762, #2749, #3064, #662, #2311, #1021, #2578, #966, #2572, #2011, #862, #1895, #414, #252, #3152, #3022, #1487, #2391, #2984, #878, #947, #234, #431, #2433, #1521, #278, #358, #2358 ) ) ;
#108 = FACE_OUTER_BOUND ( 'NONE', #107, .T. ) ;
#109 = CARTESIAN_POINT ( 'NONE',  ( -0.5499999999999998224, 0.8499999999999999778, -0.8500000000000006439 ) ) ;
#110 =( NAMED_UNIT ( * ) SI_UNIT ( $, .STERADIAN. ) SOLID_ANGLE_UNIT ( ) );
#111 = ORIENTED_EDGE ( 'NONE', *, *, #975, .F. ) ;
#112 = EDGE_LOOP ( 'NONE', ( #214, #2023, #2351, #873 ) ) ;
#113 = EDGE_LOOP ( 'NONE', ( #776, #1862, #3151, #2069 ) ) ;
#114 = AXIS2_PLACEMENT_3D ( 'NONE', #856, #1138, #2613 ) ;
#115 = VERTEX_POINT ( 'NONE', #2669 ) ;
#116 = DIRECTION ( 'NONE',  ( 0.000000000000000000, 0.000000000000000000, -1.000000000000000000 ) ) ;
#117 = ORIENTED_EDGE ( 'NONE', *, *, #948, .T. ) ;
#118 = ORIENTED_EDGE ( 'NONE', *, *, #3044, .F. ) ;
#119 = CARTESIAN_POINT ( 'NONE',  ( 0.2249999999999998945, 0.1999999999999999833, 0.7999999999999996003 ) ) ;
#120 = CIRCLE ( 'NONE', #1164, 0.1000000000000001027 ) ;
#121 = CARTESIAN_POINT ( 'NONE',  ( -0.6049999999999994271, -0.8323460818673934503, 0.9999999999999995559 ) ) ;
#122 = ORIENTED_EDGE ( 'NONE', *, *, #926, .T. ) ;
#123 = EDGE_CURVE ( 'NONE', #2013, #2722, #2077, .T. ) ;
#124 = ORIENTED_EDGE ( 'NONE', *, *, #2152, .T. ) ;
#125 = ORIENTED_EDGE ( 'NONE', *, *, #2469, .F. ) ;
#126 = ADVANCED_FACE ( 'NONE', ( #2145 ), #1, .F. ) ;
#127 = CARTESIAN_POINT ( 'NONE',  ( -0.6049999999999994271, 0.1999999999999999833, 0.8999999999999994671 ) ) ;
#128 = LINE ( 'NONE', #2959, #1197 ) ;
#129 = CARTESIAN_POINT ( 'NONE',  ( -0.6049999999999994271, 0.1999999999999999833, -0.9000000000000003553 ) ) ;
#130 = EDGE_CURVE ( 'NONE', #2722, #433, #1084, .T. ) ;
#131 = CARTESIAN_POINT ( 'NONE',  ( 0.2249999999999993394, 0.05000000000000000278, -0.4200000000000007061 ) ) ;
#132 = EDGE_LOOP ( 'NONE', ( #298, #1514, #3120, #1531, #2973, #1027, #2978, #1920, #2584, #1339 ) ) ;
#133 = ADVANCED_FACE ( 'NONE', ( #3161 ), #1620, .F. ) ;
#134 = VERTEX_POINT ( 'NONE', #2917 ) ;
#135 = ORIENTED_EDGE ( 'NONE', *, *, #1666, .T. ) ;
#136 = DIRECTION ( 'NONE',  ( -2.710505431213765522E-16, 0.000000000000000000, 1.000000000000000000 ) ) ;
#137 = DIRECTION ( 'NONE',  ( -0.000000000000000000, -1.000000000000000000, -0.000000000000000000 ) ) ;
#138 = EDGE_CURVE ( 'NONE', #3107, #3080, #1079, .T. ) ;
#139 = ORIENTED_EDGE ( 'NONE', *, *, #3137, .F. ) ;
#140 = EDGE_LOOP ( 'NONE', ( #953, #1943, #221, #2120 ) ) ;
#141 = ORIENTED_EDGE ( 'NONE', *, *, #444, .F. ) ;
#142 = FACE_OUTER_BOUND ( 'NONE', #2518, .T. ) ;
#143 = CARTESIAN_POINT ( 'NONE',  ( -0.3249999999999992895, 0.1999999999999999833, -1.000000000000000444 ) ) ;
#144 = ORIENTED_EDGE ( 'NONE', *, *, #2870, .T. ) ;
#145 = PLANE ( 'NONE',  #529 ) ;
#146 = ORIENTED_EDGE ( 'NONE', *, *, #1375, .T. ) ;
#147 = DIRECTION ( 'NONE',  ( -0.000000000000000000, -0.000000000000000000, 1.000000000000000000 ) ) ;
#148 = FACE_OUTER_BOUND ( 'NONE', #2319, .T. ) ;
#149 = CARTESIAN_POINT ( 'NONE',  ( -0.2249999999999992839, 0.000000000000000000, 0.7999999999999996003 ) ) ;
#150 = CARTESIAN_POINT ( 'NONE',  ( 0.6049999999999993161, 0.000000000000000000, -0.3200000000000001732 ) ) ;
#151 = ORIENTED_EDGE ( 'NONE', *, *, #724, .F. ) ;
#152 = PRODUCT_RELATED_PRODUCT_CATEGORY ( 'part', '', ( #1410 ) ) ;
#153 = EDGE_CURVE ( 'NONE', #1343, #1786, #2158, .T. ) ;
#154 = VECTOR ( 'NONE', #3086, 1000.000000000000000 ) ;
#155 = CARTESIAN_POINT ( 'NONE',  ( 0.7049999999999992939, 0.05000000000000000278, -0.4200000000000006506 ) ) ;
#156 = CARTESIAN_POINT ( 'NONE',  ( -0.5499999999999998224, 0.8499999999999999778, -0.6500000000000002442 ) ) ;
#157 = DIRECTION ( 'NONE',  ( 0.000000000000000000, 0.000000000000000000, 1.000000000000000000 ) ) ;
#158 = VERTEX_POINT ( 'NONE', #990 ) ;
#159 = ADVANCED_FACE ( 'NONE', ( #2137 ), #1213, .F. ) ;
#160 = AXIS2_PLACEMENT_3D ( 'NONE', #628, #1435, #442 ) ;
#161 = LINE ( 'NONE', #310, #2232 ) ;
#162 = CARTESIAN_POINT ( 'NONE',  ( 0.6049999999999998712, 0.000000000000000000, 0.9999999999999995559 ) ) ;
#163 = PLANE ( 'NONE',  #114 ) ;
#164 = ORIENTED_EDGE ( 'NONE', *, *, #2870, .F. ) ;
#165 = AXIS2_PLACEMENT_3D ( 'NONE', #2450, #1320, #38 ) ;
#166 = CARTESIAN_POINT ( 'NONE',  ( -0.6049999999999994271, 0.000000000000000000, 0.8999999999999994671 ) ) ;
#167 = VERTEX_POINT ( 'NONE', #2193 ) ;
#168 = CARTESIAN_POINT ( 'NONE',  ( -0.7999999999999998224, 4.261249694973138880, 0.9999999999999995559 ) ) ;
#169 = DIRECTION ( 'NONE',  ( 0.000000000000000000, -1.000000000000000000, 0.000000000000000000 ) ) ;
#170 = DIRECTION ( 'NONE',  ( -1.000000000000000000, 0.000000000000000000, 2.282530889443173727E-15 ) ) ;
#171 = AXIS2_PLACEMENT_3D ( 'NONE', #176, #2648, #385 ) ;
#172 = VERTEX_POINT ( 'NONE', #2422 ) ;
#173 = APPLICATION_CONTEXT ( 'automotive_design' ) ;
#174 = DIRECTION ( 'NONE',  ( -2.282530889443178855E-15, 0.000000000000000000, 1.000000000000000000 ) ) ;
#175 = EDGE_CURVE ( 'NONE', #80, #3107, #1068, .T. ) ;
#176 = CARTESIAN_POINT ( 'NONE',  ( -0.7999999999999998224, 4.261249694973138880, -1.000000000000000444 ) ) ;
#177 = CARTESIAN_POINT ( 'NONE',  ( -0.2249999999999991729, 0.05000000000000000278, 0.4200000000000008171 ) ) ;
#178 = DIRECTION ( 'NONE',  ( 1.000000000000000000, 0.000000000000000000, 0.000000000000000000 ) ) ;
#179 = ADVANCED_FACE ( 'NONE', ( #3141 ), #1061, .T. ) ;
#180 = EDGE_CURVE ( 'NONE', #115, #1360, #2115, .T. ) ;
#181 = CARTESIAN_POINT ( 'NONE',  ( 0.6049999999999993161, 0.1999999999999999833, 0.3200000000000001732 ) ) ;
#182 = CARTESIAN_POINT ( 'NONE',  ( -0.4049999999999993605, 0.05000000000000000278, -0.3200000000000003397 ) ) ;
#183 = DIRECTION ( 'NONE',  ( 0.000000000000000000, 1.000000000000000000, 0.000000000000000000 ) ) ;
#184 = ORIENTED_EDGE ( 'NONE', *, *, #2431, .T. ) ;
#185 = FILL_AREA_STYLE ('',( #2373 ) ) ;
#186 = AXIS2_PLACEMENT_3D ( 'NONE', #2587, #606, #3171 ) ;
#187 = SURFACE_SIDE_STYLE ('',( #2291 ) ) ;
#188 = ORIENTED_EDGE ( 'NONE', *, *, #948, .F. ) ;
#189 = CARTESIAN_POINT ( 'NONE',  ( -0.2249999999999992839, 0.000000000000000000, 0.7999999999999996003 ) ) ;
#190 = PLANE ( 'NONE',  #3119 ) ;
#191 = AXIS2_PLACEMENT_3D ( 'NONE', #2425, #1671, #2896 ) ;
#192 = DIRECTION ( 'NONE',  ( 0.000000000000000000, 0.000000000000000000, 1.000000000000000000 ) ) ;
#193 = ORIENTED_EDGE ( 'NONE', *, *, #2185, .T. ) ;
#194 = DIRECTION ( 'NONE',  ( -1.000000000000000000, 0.000000000000000000, -3.423796334164758816E-15 ) ) ;
#195 = CARTESIAN_POINT ( 'NONE',  ( -0.6049999999999994271, 0.000000000000000000, -0.9000000000000003553 ) ) ;
#196 = AXIS2_PLACEMENT_3D ( 'NONE', #2822, #1845, #1557 ) ;
#197 = ORIENTED_EDGE ( 'NONE', *, *, #1649, .T. ) ;
#198 = CARTESIAN_POINT ( 'NONE',  ( -0.6050000000000000933, 0.1999999999999999833, -0.7999999999999998224 ) ) ;
#199 = EDGE_CURVE ( 'NONE', #2290, #2820, #1090, .T. ) ;
#200 = DIRECTION ( 'NONE',  ( 0.000000000000000000, 1.000000000000000000, 0.000000000000000000 ) ) ;
#201 = ADVANCED_FACE ( 'NONE', ( #3204 ), #2129, .T. ) ;
#202 = DIRECTION ( 'NONE',  ( 2.282530889443173727E-15, 0.000000000000000000, 1.000000000000000000 ) ) ;
#203 = EDGE_CURVE ( 'NONE', #2240, #115, #2108, .T. ) ;
#204 = EDGE_LOOP ( 'NONE', ( #709, #1033, #2074, #3062 ) ) ;
#205 = CARTESIAN_POINT ( 'NONE',  ( -0.3249999999999993450, 0.1999999999999999833, -0.9000000000000002442 ) ) ;
#206 = EDGE_LOOP ( 'NONE', ( #3156, #2332, #1097, #2199 ) ) ;
#207 = DIRECTION ( 'NONE',  ( -0.000000000000000000, 1.000000000000000000, -0.000000000000000000 ) ) ;
#208 = CARTESIAN_POINT ( 'NONE',  ( 0.7050000000000005151, 0.1999999999999999833, 0.7999999999999990452 ) ) ;
#209 = DIRECTION ( 'NONE',  ( 1.000000000000000000, 0.000000000000000000, -0.000000000000000000 ) ) ;
#210 = ORIENTED_EDGE ( 'NONE', *, *, #1710, .T. ) ;
#211 = CARTESIAN_POINT ( 'NONE',  ( -0.6049999999999994271, -0.8323460818673934503, -1.000000000000000444 ) ) ;
#212 = EDGE_CURVE ( 'NONE', #1923, #1315, #2151, .T. ) ;
#213 = DIRECTION ( 'NONE',  ( -1.000000000000000000, -0.000000000000000000, -0.000000000000000000 ) ) ;
#214 = ORIENTED_EDGE ( 'NONE', *, *, #2552, .F. ) ;
#215 = PLANE ( 'NONE',  #295 ) ;
#216 = CARTESIAN_POINT ( 'NONE',  ( -0.2249999999999993672, 0.000000000000000000, -0.5000000000000009992 ) ) ;
#217 = AXIS2_PLACEMENT_3D ( 'NONE', #883, #1867, #642 ) ;
#218 = VERTEX_POINT ( 'NONE', #2690 ) ;
#219 = PLANE ( 'NONE',  #2324 ) ;
#220 = CARTESIAN_POINT ( 'NONE',  ( -0.3249999999999993450, -0.8323460818673934503, -0.8000000000000004885 ) ) ;
#221 = ORIENTED_EDGE ( 'NONE', *, *, #1400, .T. ) ;
#222 = ORIENTED_EDGE ( 'NONE', *, *, #2139, .T. ) ;
#223 = AXIS2_PLACEMENT_3D ( 'NONE', #2627, #2884, #1206 ) ;
#224 = DIRECTION ( 'NONE',  ( -0.000000000000000000, -1.000000000000000000, -0.000000000000000000 ) ) ;
#225 = ORIENTED_EDGE ( 'NONE', *, *, #2877, .F. ) ;
#226 = ORIENTED_EDGE ( 'NONE', *, *, #3087, .T. ) ;
#227 = EDGE_CURVE ( 'NONE', #3070, #85, #3197, .T. ) ;
#228 = DIRECTION ( 'NONE',  ( -3.423796334164758816E-15, 0.000000000000000000, 1.000000000000000000 ) ) ;
#229 = ORIENTED_EDGE ( 'NONE', *, *, #265, .T. ) ;
#230 = DIRECTION ( 'NONE',  ( 0.000000000000000000, 1.000000000000000000, 0.000000000000000000 ) ) ;
#231 = CARTESIAN_POINT ( 'NONE',  ( -0.3249999999999993450, 0.1999999999999999833, -0.9000000000000002442 ) ) ;
#232 = EDGE_CURVE ( 'NONE', #3093, #1305, #3208, .T. ) ;
#233 = ORIENTED_EDGE ( 'NONE', *, *, #2929, .F. ) ;
#234 = ORIENTED_EDGE ( 'NONE', *, *, #2152, .F. ) ;
#235 = EDGE_CURVE ( 'NONE', #1411, #1371, #1928, .T. ) ;
#236 = CARTESIAN_POINT ( 'NONE',  ( 0.3249999999999996225, 0.1999999999999999833, 0.3200000000000002287 ) ) ;
#237 = VERTEX_POINT ( 'NONE', #1306 ) ;
#238 = DIRECTION ( 'NONE',  ( 0.000000000000000000, -0.000000000000000000, 1.000000000000000000 ) ) ;
#239 = EDGE_LOOP ( 'NONE', ( #1274, #2225, #49, #1141 ) ) ;
#240 = ADVANCED_FACE ( 'NONE', ( #847 ), #1957, .T. ) ;
#241 = EDGE_LOOP ( 'NONE', ( #1645, #146, #557, #2441 ) ) ;
#242 = CARTESIAN_POINT ( 'NONE',  ( 0.3249999999999997891, -0.8323460818673934503, 0.8999999999999993561 ) ) ;
#243 = EDGE_CURVE ( 'NONE', #957, #1786, #2067, .T. ) ;
#244 = VERTEX_POINT ( 'NONE', #1496 ) ;
#245 = CARTESIAN_POINT ( 'NONE',  ( 0.3249999999999997891, 0.1999999999999999833, -0.9000000000000002442 ) ) ;
#246 = CARTESIAN_POINT ( 'NONE',  ( -0.3249999999999993450, 0.05000000000000000278, -0.9000000000000002442 ) ) ;
#247 = DIRECTION ( 'NONE',  ( -0.000000000000000000, -1.000000000000000000, -0.000000000000000000 ) ) ;
#248 = ORIENTED_EDGE ( 'NONE', *, *, #2661, .F. ) ;
#249 = ORIENTED_EDGE ( 'NONE', *, *, #232, .F. ) ;
#250 = MECHANICAL_DESIGN_GEOMETRIC_PRESENTATION_REPRESENTATION (  '', ( #1550 ), #2970 ) ;
#251 = DIRECTION ( 'NONE',  ( 1.000000000000000000, 0.000000000000000000, -1.426581805901980621E-16 ) ) ;
#252 = ORIENTED_EDGE ( 'NONE', *, *, #3188, .F. ) ;
#253 = CARTESIAN_POINT ( 'NONE',  ( -0.6049999999999994271, -0.8323460818673934503, -0.9000000000000003553 ) ) ;
#254 = ORIENTED_EDGE ( 'NONE', *, *, #2517, .T. ) ;
#255 = AXIS2_PLACEMENT_3D ( 'NONE', #1036, #2424, #2935 ) ;
#256 = ORIENTED_EDGE ( 'NONE', *, *, #1338, .T. ) ;
#257 = DIRECTION ( 'NONE',  ( 0.000000000000000000, 1.000000000000000000, 0.000000000000000000 ) ) ;
#258 = ORIENTED_EDGE ( 'NONE', *, *, #2285, .F. ) ;
#259 = ADVANCED_FACE ( 'NONE', ( #1893 ), #2449, .F. ) ;
#260 = AXIS2_PLACEMENT_3D ( 'NONE', #2837, #3124, #2630 ) ;
#261 = ORIENTED_EDGE ( 'NONE', *, *, #1628, .T. ) ;
#262 = DIRECTION ( 'NONE',  ( 0.000000000000000000, 0.000000000000000000, 1.000000000000000000 ) ) ;
#263 = VERTEX_POINT ( 'NONE', #2951 ) ;
#264 = DIRECTION ( 'NONE',  ( 1.000000000000000000, 0.000000000000000000, 0.000000000000000000 ) ) ;
#265 = EDGE_CURVE ( 'NONE', #1663, #2674, #1398, .T. ) ;
#266 = CARTESIAN_POINT ( 'NONE',  ( -0.3249999999999993450, 0.1999999999999999833, 0.8999999999999993561 ) ) ;
#267 = ADVANCED_FACE ( 'NONE', ( #313 ), #308, .F. ) ;
#268 = CARTESIAN_POINT ( 'NONE',  ( -0.3249999999999992895, 0.1999999999999999833, 0.9999999999999995559 ) ) ;
#269 = ORIENTED_EDGE ( 'NONE', *, *, #2750, .T. ) ;
#270 = EDGE_LOOP ( 'NONE', ( #1994, #53, #1733, #657, #144, #1696, #1778, #1726, #453, #2097, #3144, #1691 ) ) ;
#271 = DIRECTION ( 'NONE',  ( 0.000000000000000000, -1.000000000000000000, 0.000000000000000000 ) ) ;
#272 = EDGE_CURVE ( 'NONE', #2565, #2920, #1917, .T. ) ;
#273 = DIRECTION ( 'NONE',  ( -0.000000000000000000, -1.000000000000000000, -0.000000000000000000 ) ) ;
#274 = ORIENTED_EDGE ( 'NONE', *, *, #1570, .T. ) ;
#275 = DIRECTION ( 'NONE',  ( 0.000000000000000000, 0.000000000000000000, 1.000000000000000000 ) ) ;
#276 = DIRECTION ( 'NONE',  ( 0.000000000000000000, 0.000000000000000000, 1.000000000000000000 ) ) ;
#277 = ORIENTED_EDGE ( 'NONE', *, *, #1143, .F. ) ;
#278 = ORIENTED_EDGE ( 'NONE', *, *, #750, .F. ) ;
#279 = CARTESIAN_POINT ( 'NONE',  ( 0.2249999999999997280, 0.000000000000000000, 0.7999999999999996003 ) ) ;
#280 = EDGE_LOOP ( 'NONE', ( #1723, #3126 ) ) ;
#281 = AXIS2_PLACEMENT_3D ( 'NONE', #1023, #2944, #2036 ) ;
#282 = VERTEX_POINT ( 'NONE', #1282 ) ;
#283 = DIRECTION ( 'NONE',  ( 0.000000000000000000, 0.000000000000000000, 1.000000000000000000 ) ) ;
#284 = ORIENTED_EDGE ( 'NONE', *, *, #637, .T. ) ;
#285 = DIRECTION ( 'NONE',  ( 0.000000000000000000, -1.000000000000000000, 0.000000000000000000 ) ) ;
#286 = CARTESIAN_POINT ( 'NONE',  ( -0.6049999999999994271, -0.8323460818673934503, 0.8999999999999994671 ) ) ;
#287 = ADVANCED_FACE ( 'NONE', ( #804 ), #740, .F. ) ;
#288 = CARTESIAN_POINT ( 'NONE',  ( 0.2249999999999997835, 0.05000000000000000278, 0.4200000000000007616 ) ) ;
#289 = CLOSED_SHELL ( 'NONE', ( #1606, #94, #133, #795, #2264, #3048, #1797, #3079, #403, #2330, #1737, #1492, #2089, #826, #1879, #259, #1321, #2012, #2490, #2734, #1981, #1116, #2118, #1637, #2765, #372, #2050, #510, #1665, #2539, #2981, #2706, #1368, #537, #1517, #1146, #3147, #2916, #1100, #2287, #1711, #267, #600, #61, #742, #765, #1276, #331, #1348 ) ) ;
#290 = AXIS2_PLACEMENT_3D ( 'NONE', #1782, #323, #1459 ) ;
#291 = VERTEX_POINT ( 'NONE', #2477 ) ;
#292 = CARTESIAN_POINT ( 'NONE',  ( 0.2249999999999997835, 0.000000000000000000, 0.4200000000000007616 ) ) ;
#293 = VERTEX_POINT ( 'NONE', #1099 ) ;
#294 = DIRECTION ( 'NONE',  ( 1.000000000000000000, 0.000000000000000000, 0.000000000000000000 ) ) ;
#295 = AXIS2_PLACEMENT_3D ( 'NONE', #1674, #665, #2875 ) ;
#296 = CARTESIAN_POINT ( 'NONE',  ( 0.3249999999999997891, 0.1999999999999999833, -0.8000000000000004885 ) ) ;
#297 = EDGE_LOOP ( 'NONE', ( #2258, #1167, #2854, #2289 ) ) ;
#298 = ORIENTED_EDGE ( 'NONE', *, *, #1082, .F. ) ;
#299 = EDGE_CURVE ( 'NONE', #2774, #433, #756, .T. ) ;
#300 = ORIENTED_EDGE ( 'NONE', *, *, #2234, .T. ) ;
#301 = EDGE_CURVE ( 'NONE', #2928, #608, #2892, .T. ) ;
#302 = DIRECTION ( 'NONE',  ( -0.000000000000000000, -0.000000000000000000, 1.000000000000000000 ) ) ;
#303 = ORIENTED_EDGE ( 'NONE', *, *, #1255, .F. ) ;
#304 = DIRECTION ( 'NONE',  ( 1.000000000000000000, 0.000000000000000000, -3.423796334164766704E-15 ) ) ;
#305 = DIRECTION ( 'NONE',  ( 0.000000000000000000, 0.000000000000000000, -1.000000000000000000 ) ) ;
#306 = EDGE_CURVE ( 'NONE', #3162, #2663, #2885, .T. ) ;
#307 = EDGE_LOOP ( 'NONE', ( #2207, #2278, #2922, #741 ) ) ;
#308 = CYLINDRICAL_SURFACE ( 'NONE', #825, 0.1000000000000003109 ) ;
#309 = ADVANCED_FACE ( 'NONE', ( #2979 ), #15, .F. ) ;
#310 = CARTESIAN_POINT ( 'NONE',  ( 0.8000000000000002665, 0.8500000000000000888, 0.9999999999999995559 ) ) ;
#311 = EDGE_CURVE ( 'NONE', #1475, #293, #1878, .T. ) ;
#312 = VERTEX_POINT ( 'NONE', #1771 ) ;
#313 = FACE_OUTER_BOUND ( 'NONE', #2078, .T. ) ;
#314 = CARTESIAN_POINT ( 'NONE',  ( 0.7049999999999992939, 0.000000000000000000, 0.4200000000000006506 ) ) ;
#315 = CARTESIAN_POINT ( 'NONE',  ( -0.3249999999999993450, 0.1999999999999999833, 0.8999999999999993561 ) ) ;
#316 = VERTEX_POINT ( 'NONE', #1270 ) ;
#317 = AXIS2_PLACEMENT_3D ( 'NONE', #2329, #1764, #276 ) ;
#318 = ORIENTED_EDGE ( 'NONE', *, *, #1507, .T. ) ;
#319 = DIRECTION ( 'NONE',  ( -0.000000000000000000, 1.000000000000000000, -0.000000000000000000 ) ) ;
#320 = CARTESIAN_POINT ( 'NONE',  ( -0.7049999999999992939, 0.1999999999999999833, 0.4200000000000008726 ) ) ;
#321 = AXIS2_PLACEMENT_3D ( 'NONE', #1152, #2178, #1433 ) ;
#322 = CARTESIAN_POINT ( 'NONE',  ( -0.5499999999999998224, 0.8499999999999999778, -0.7500000000000004441 ) ) ;
#323 = DIRECTION ( 'NONE',  ( 0.000000000000000000, 0.000000000000000000, -1.000000000000000000 ) ) ;
#324 = DIRECTION ( 'NONE',  ( 0.000000000000000000, -0.000000000000000000, -1.000000000000000000 ) ) ;
#325 = AXIS2_PLACEMENT_3D ( 'NONE', #2513, #2383, #2592 ) ;
#326 = CARTESIAN_POINT ( 'NONE',  ( 0.3249999999999997335, -0.8323460818673934503, -1.000000000000000444 ) ) ;
#327 = CARTESIAN_POINT ( 'NONE',  ( 0.2249999999999997280, 0.1999999999999999833, -0.8000000000000004885 ) ) ;
#328 = EDGE_CURVE ( 'NONE', #2663, #3162, #807, .T. ) ;
#329 = ADVANCED_FACE ( 'NONE', ( #1822 ), #1897, .T. ) ;
#330 = DIRECTION ( 'NONE',  ( 0.000000000000000000, 0.000000000000000000, 1.000000000000000000 ) ) ;
#331 = ADVANCED_FACE ( 'NONE', ( #1829 ), #2968, .F. ) ;
#332 = EDGE_CURVE ( 'NONE', #1343, #2209, #1868, .T. ) ;
#333 = DIRECTION ( 'NONE',  ( 0.000000000000000000, -1.000000000000000000, 0.000000000000000000 ) ) ;
#334 = PLANE ( 'NONE',  #1896 ) ;
#335 = DIRECTION ( 'NONE',  ( -1.000000000000000000, 0.000000000000000000, -0.000000000000000000 ) ) ;
#336 = CARTESIAN_POINT ( 'NONE',  ( -0.4049999999999993050, 0.1999999999999999833, -0.3200000000000003952 ) ) ;
#337 = CARTESIAN_POINT ( 'NONE',  ( -0.6049999999999994271, 0.1999999999999999833, -0.9000000000000003553 ) ) ;
#338 = EDGE_CURVE ( 'NONE', #1960, #995, #818, .T. ) ;
#339 = DIRECTION ( 'NONE',  ( 0.000000000000000000, 0.000000000000000000, 1.000000000000000000 ) ) ;
#340 = CARTESIAN_POINT ( 'NONE',  ( -0.6049999999999994271, 0.05000000000000000278, -0.3200000000000003397 ) ) ;
#341 = VERTEX_POINT ( 'NONE', #2041 ) ;
#342 = DIRECTION ( 'NONE',  ( 0.7071067811865487940, -0.000000000000000000, 0.7071067811865463515 ) ) ;
#343 = AXIS2_PLACEMENT_3D ( 'NONE', #181, #1142, #1377 ) ;
#344 = DIRECTION ( 'NONE',  ( 0.000000000000000000, 0.000000000000000000, 1.000000000000000000 ) ) ;
#345 = MANIFOLD_SOLID_BREP ( 'Boss-Extrude3[2]', #2044 ) ;
#346 = ORIENTED_EDGE ( 'NONE', *, *, #376, .F. ) ;
#347 = ADVANCED_FACE ( 'NONE', ( #2912 ), #2726, .F. ) ;
#348 = CARTESIAN_POINT ( 'NONE',  ( -0.2249999999999994504, 0.1999999999999999833, -0.8000000000000004885 ) ) ;
#349 = VECTOR ( 'NONE', #610, 1000.000000000000000 ) ;
#350 = AXIS2_PLACEMENT_3D ( 'NONE', #2700, #31, #275 ) ;
#351 = ORIENTED_EDGE ( 'NONE', *, *, #1494, .T. ) ;
#352 = CARTESIAN_POINT ( 'NONE',  ( -0.2249999999999992839, 0.1999999999999999833, 0.7999999999999996003 ) ) ;
#353 = CARTESIAN_POINT ( 'NONE',  ( 0.6049999999999997602, 0.1999999999999999833, 0.4200000000000008171 ) ) ;
#354 = DIRECTION ( 'NONE',  ( -0.000000000000000000, -1.000000000000000000, -0.000000000000000000 ) ) ;
#355 = DIRECTION ( 'NONE',  ( 0.000000000000000000, 1.000000000000000000, 0.000000000000000000 ) ) ;
#356 = VECTOR ( 'NONE', #1114, 1000.000000000000000 ) ;
#357 = EDGE_CURVE ( 'NONE', #2810, #158, #841, .T. ) ;
#358 = ORIENTED_EDGE ( 'NONE', *, *, #1308, .F. ) ;
#359 = PRODUCT_CONTEXT ( 'NONE', #3192, 'mechanical' ) ;
#360 = DIRECTION ( 'NONE',  ( -3.423796334164758816E-15, -0.000000000000000000, 1.000000000000000000 ) ) ;
#361 = EDGE_CURVE ( 'NONE', #716, #1007, #2905, .T. ) ;
#362 = LINE ( 'NONE', #1478, #1447 ) ;
#363 = CARTESIAN_POINT ( 'NONE',  ( -0.6050000000000000933, -0.8323460818673934503, 0.7999999999999989342 ) ) ;
#364 = VECTOR ( 'NONE', #2733, 1000.000000000000000 ) ;
#365 = EDGE_CURVE ( 'NONE', #158, #1239, #2824, .T. ) ;
#366 = ORIENTED_EDGE ( 'NONE', *, *, #498, .F. ) ;
#367 = CARTESIAN_POINT ( 'NONE',  ( -0.3249999999999992895, 0.1999999999999999833, 0.3200000000000002842 ) ) ;
#368 = LINE ( 'NONE', #517, #2549 ) ;
#369 = ORIENTED_EDGE ( 'NONE', *, *, #2819, .F. ) ;
#370 = SURFACE_STYLE_USAGE ( .BOTH. , #1776 ) ;
#371 = DIRECTION ( 'NONE',  ( 0.000000000000000000, 1.000000000000000000, 0.000000000000000000 ) ) ;
#372 = ADVANCED_FACE ( 'NONE', ( #1906 ), #827, .F. ) ;
#373 = DIRECTION ( 'NONE',  ( -0.000000000000000000, -1.000000000000000000, -0.000000000000000000 ) ) ;
#374 = LINE ( 'NONE', #1318, #2545 ) ;
#375 = VERTEX_POINT ( 'NONE', #1413 ) ;
#376 = EDGE_CURVE ( 'NONE', #379, #1234, #2969, .T. ) ;
#377 =( NAMED_UNIT ( * ) SI_UNIT ( $, .STERADIAN. ) SOLID_ANGLE_UNIT ( ) );
#378 = PLANE ( 'NONE',  #784 ) ;
#379 = VERTEX_POINT ( 'NONE', #387 ) ;
#380 = VECTOR ( 'NONE', #2320, 1000.000000000000000 ) ;
#381 = CARTESIAN_POINT ( 'NONE',  ( -0.3249999999999993450, 0.05000000000000000278, -0.9000000000000002442 ) ) ;
#382 = CARTESIAN_POINT ( 'NONE',  ( -0.3249999999999992895, 0.1999999999999999833, -1.000000000000000444 ) ) ;
#383 = ORIENTED_EDGE ( 'NONE', *, *, #2413, .F. ) ;
#384 = AXIS2_PLACEMENT_3D ( 'NONE', #253, #294, #1952 ) ;
#385 = DIRECTION ( 'NONE',  ( 1.000000000000000000, 0.000000000000000000, -0.000000000000000000 ) ) ;
#386 = FILL_AREA_STYLE_COLOUR ( '', #524 ) ;
#387 = CARTESIAN_POINT ( 'NONE',  ( -0.4049999999999993605, 0.1999999999999999833, -0.3200000000000003397 ) ) ;
#388 = LINE ( 'NONE', #195, #401 ) ;
#389 = ORIENTED_EDGE ( 'NONE', *, *, #3127, .F. ) ;
#390 = CARTESIAN_POINT ( 'NONE',  ( -0.5499999999999998224, 0.5171572875253804824, -0.6500000000000002442 ) ) ;
#391 = AXIS2_PLACEMENT_3D ( 'NONE', #2532, #854, #1137 ) ;
#392 = VERTEX_POINT ( 'NONE', #1357 ) ;
#393 = DIRECTION ( 'NONE',  ( 0.000000000000000000, -1.000000000000000000, 0.000000000000000000 ) ) ;
#394 = LINE ( 'NONE', #352, #1469 ) ;
#395 = PRODUCT_DEFINITION_SHAPE ( 'NONE', 'NONE',  #3199 ) ;
#396 = VERTEX_POINT ( 'NONE', #3099 ) ;
#397 = CARTESIAN_POINT ( 'NONE',  ( -0.7049999999999996270, 0.1999999999999999833, -0.4200000000000008726 ) ) ;
#398 = DIRECTION ( 'NONE',  ( 0.000000000000000000, 1.000000000000000000, 0.000000000000000000 ) ) ;
#399 = EDGE_CURVE ( 'NONE', #1501, #824, #2918, .T. ) ;
#400 = CARTESIAN_POINT ( 'NONE',  ( 0.3249999999999996225, 0.1999999999999999833, -0.4200000000000009281 ) ) ;
#401 = VECTOR ( 'NONE', #2472, 1000.000000000000000 ) ;
#402 = ORIENTED_EDGE ( 'NONE', *, *, #2090, .F. ) ;
#403 = ADVANCED_FACE ( 'NONE', ( #1854 ), #163, .T. ) ;
#404 = DIRECTION ( 'NONE',  ( 0.000000000000000000, 0.000000000000000000, 1.000000000000000000 ) ) ;
#405 = EDGE_CURVE ( 'NONE', #2783, #1215, #779, .T. ) ;
#406 = VECTOR ( 'NONE', #3098, 1000.000000000000000 ) ;
#407 = CARTESIAN_POINT ( 'NONE',  ( -0.5499999999999998224, 0.7999999999999999334, -0.7500000000000004441 ) ) ;
#408 = SURFACE_STYLE_USAGE ( .BOTH. , #1834 ) ;
#409 = VERTEX_POINT ( 'NONE', #1373 ) ;
#410 = EDGE_CURVE ( 'NONE', #474, #2240, #797, .T. ) ;
#411 = CARTESIAN_POINT ( 'NONE',  ( -0.2249999999999992839, 0.05000000000000000278, 0.7999999999999996003 ) ) ;
#412 = DIRECTION ( 'NONE',  ( 5.421010862427508365E-16, 0.000000000000000000, -1.000000000000000000 ) ) ;
#413 = VECTOR ( 'NONE', #2310, 1000.000000000000000 ) ;
#414 = ORIENTED_EDGE ( 'NONE', *, *, #3096, .F. ) ;
#415 = CARTESIAN_POINT ( 'NONE',  ( -0.3249999999999992895, -0.8323460818673934503, -1.000000000000000444 ) ) ;
#416 = EDGE_LOOP ( 'NONE', ( #139, #890, #2906, #1376 ) ) ;
#417 = DIRECTION ( 'NONE',  ( 0.000000000000000000, 0.000000000000000000, 1.000000000000000000 ) ) ;
#418 = DIRECTION ( 'NONE',  ( -0.000000000000000000, 1.000000000000000000, -0.000000000000000000 ) ) ;
#419 = CARTESIAN_POINT ( 'NONE',  ( -0.6050000000000000933, 0.1999999999999999833, -0.7999999999999998224 ) ) ;
#420 = FACE_OUTER_BOUND ( 'NONE', #1102, .T. ) ;
#421 = ORIENTED_EDGE ( 'NONE', *, *, #1528, .T. ) ;
#422 = DIRECTION ( 'NONE',  ( -0.000000000000000000, -1.000000000000000000, -0.000000000000000000 ) ) ;
#423 = VECTOR ( 'NONE', #2131, 1000.000000000000000 ) ;
#424 = AXIS2_PLACEMENT_3D ( 'NONE', #2418, #985, #1258 ) ;
#425 = ORIENTED_EDGE ( 'NONE', *, *, #1598, .T. ) ;
#426 = CARTESIAN_POINT ( 'NONE',  ( 0.6049999999999998712, 0.1999999999999999833, -0.9000000000000003553 ) ) ;
#427 = CARTESIAN_POINT ( 'NONE',  ( -0.2249999999999992839, -0.8323460818673934503, 0.7999999999999996003 ) ) ;
#428 = DIRECTION ( 'NONE',  ( -0.000000000000000000, -0.000000000000000000, 1.000000000000000000 ) ) ;
#429 = CIRCLE ( 'NONE', #1701, 0.1000000000000002554 ) ;
#430 = STYLED_ITEM ( 'NONE', ( #766 ), #345 ) ;
#431 = ORIENTED_EDGE ( 'NONE', *, *, #1649, .F. ) ;
#432 = CARTESIAN_POINT ( 'NONE',  ( -0.6049999999999993161, -0.8323460818673934503, -0.4200000000000009837 ) ) ;
#433 = VERTEX_POINT ( 'NONE', #907 ) ;
#434 = CARTESIAN_POINT ( 'NONE',  ( 0.3249999999999996225, 0.1999999999999999833, 0.3200000000000002287 ) ) ;
#435 = LINE ( 'NONE', #314, #448 ) ;
#436 = MANIFOLD_SOLID_BREP ( 'Cut-Extrude2', #289 ) ;
#437 = EDGE_CURVE ( 'NONE', #3135, #85, #1941, .T. ) ;
#438 = DIRECTION ( 'NONE',  ( 0.000000000000000000, 0.000000000000000000, 1.000000000000000000 ) ) ;
#439 =( LENGTH_UNIT ( ) NAMED_UNIT ( * ) SI_UNIT ( .MILLI., .METRE. ) );
#440 = LINE ( 'NONE', #1536, #1520 ) ;
#441 = EDGE_CURVE ( 'NONE', #1136, #2385, #882, .T. ) ;
#442 = DIRECTION ( 'NONE',  ( 0.000000000000000000, 0.000000000000000000, -1.000000000000000000 ) ) ;
#443 = ORIENTED_EDGE ( 'NONE', *, *, #724, .T. ) ;
#444 = EDGE_CURVE ( 'NONE', #1014, #1568, #3011, .T. ) ;
#445 = VERTEX_POINT ( 'NONE', #772 ) ;
#446 = CARTESIAN_POINT ( 'NONE',  ( 0.3249999999999997891, 0.05000000000000000278, 0.7999999999999996003 ) ) ;
#447 = PLANE ( 'NONE',  #255 ) ;
#448 = VECTOR ( 'NONE', #1372, 1000.000000000000000 ) ;
#449 = EDGE_LOOP ( 'NONE', ( #980, #248, #1380, #956 ) ) ;
#450 = CARTESIAN_POINT ( 'NONE',  ( 0.6049999999999998712, 0.05000000000000000278, 0.8999999999999992450 ) ) ;
#451 = EDGE_CURVE ( 'NONE', #1062, #790, #891, .T. ) ;
#452 = CIRCLE ( 'NONE', #1904, 0.09999999999999993616 ) ;
#453 = ORIENTED_EDGE ( 'NONE', *, *, #1951, .T. ) ;
#454 = PLANE ( 'NONE',  #2073 ) ;
#455 = AXIS2_PLACEMENT_3D ( 'NONE', #2887, #3065, #157 ) ;
#456 = DIRECTION ( 'NONE',  ( 0.000000000000000000, -1.000000000000000000, 0.000000000000000000 ) ) ;
#457 = CIRCLE ( 'NONE', #1486, 0.1000000000000002554 ) ;
#458 = ORIENTED_EDGE ( 'NONE', *, *, #888, .F. ) ;
#459 = ORIENTED_EDGE ( 'NONE', *, *, #758, .F. ) ;
#460 = AXIS2_PLACEMENT_3D ( 'NONE', #1147, #170, #202 ) ;
#461 = VECTOR ( 'NONE', #2631, 1000.000000000000000 ) ;
#462 = ORIENTED_EDGE ( 'NONE', *, *, #1544, .F. ) ;
#463 = ORIENTED_EDGE ( 'NONE', *, *, #1369, .F. ) ;
#464 = AXIS2_PLACEMENT_3D ( 'NONE', #446, #3198, #2890 ) ;
#465 = CARTESIAN_POINT ( 'NONE',  ( -0.7050000000000002931, 0.1999999999999999833, 0.7999999999999989342 ) ) ;
#466 = DIRECTION ( 'NONE',  ( 0.000000000000000000, -0.000000000000000000, 1.000000000000000000 ) ) ;
#467 = VECTOR ( 'NONE', #1105, 1000.000000000000000 ) ;
#468 = ORIENTED_EDGE ( 'NONE', *, *, #1812, .T. ) ;
#469 = VERTEX_POINT ( 'NONE', #2953 ) ;
#470 = CARTESIAN_POINT ( 'NONE',  ( 0.3249999999999996225, 0.1999999999999999833, 0.3200000000000002287 ) ) ;
#471 = CARTESIAN_POINT ( 'NONE',  ( 0.6049999999999993161, 0.000000000000000000, 0.3200000000000001732 ) ) ;
#472 = EDGE_CURVE ( 'NONE', #1305, #2872, #2032, .T. ) ;
#473 = CIRCLE ( 'NONE', #1354, 0.1000000000000000472 ) ;
#474 = VERTEX_POINT ( 'NONE', #685 ) ;
#475 = ORIENTED_EDGE ( 'NONE', *, *, #1921, .F. ) ;
#476 = EDGE_CURVE ( 'NONE', #3035, #1343, #959, .T. ) ;
#477 = CARTESIAN_POINT ( 'NONE',  ( -0.2249999999999993672, 0.05000000000000000278, -0.5000000000000009992 ) ) ;
#478 = CARTESIAN_POINT ( 'NONE',  ( 0.2249999999999998945, -0.8323460818673934503, 0.7999999999999996003 ) ) ;
#479 = LINE ( 'NONE', #1287, #2665 ) ;
#480 = ORIENTED_EDGE ( 'NONE', *, *, #2947, .T. ) ;
#481 = UNCERTAINTY_MEASURE_WITH_UNIT (LENGTH_MEASURE( 1.000000000000000082E-05 ), #2883, 'distance_accuracy_value', 'NONE');
#482 = CARTESIAN_POINT ( 'NONE',  ( -0.4049999999999993605, 0.1999999999999999833, -0.3200000000000003397 ) ) ;
#483 = ORIENTED_EDGE ( 'NONE', *, *, #1993, .T. ) ;
#484 = DIRECTION ( 'NONE',  ( 0.000000000000000000, 0.000000000000000000, -1.000000000000000000 ) ) ;
#485 = EDGE_CURVE ( 'NONE', #1805, #1780, #3071, .T. ) ;
#486 = CARTESIAN_POINT ( 'NONE',  ( 0.000000000000000000, 0.000000000000000000, 0.000000000000000000 ) ) ;
#487 = LINE ( 'NONE', #3026, #1634 ) ;
#488 = DIRECTION ( 'NONE',  ( 0.000000000000000000, 0.000000000000000000, -1.000000000000000000 ) ) ;
#489 = DIRECTION ( 'NONE',  ( -0.000000000000000000, -1.000000000000000000, -0.000000000000000000 ) ) ;
#490 = VECTOR ( 'NONE', #2976, 1000.000000000000000 ) ;
#491 = ADVANCED_FACE ( 'NONE', ( #2007 ), #2195, .F. ) ;
#492 = CARTESIAN_POINT ( 'NONE',  ( 0.3249999999999996225, 0.1999999999999999833, -0.4200000000000009281 ) ) ;
#493 = CARTESIAN_POINT ( 'NONE',  ( -0.5499999999999998224, 0.8499999999999999778, -0.7500000000000004441 ) ) ;
#494 = CARTESIAN_POINT ( 'NONE',  ( -0.2249999999999993672, 0.1999999999999999833, -0.5000000000000009992 ) ) ;
#495 = CARTESIAN_POINT ( 'NONE',  ( 0.3249999999999996225, 0.1999999999999999833, 0.4200000000000009281 ) ) ;
#496 = AXIS2_PLACEMENT_3D ( 'NONE', #2975, #230, #1477 ) ;
#497 = DIRECTION ( 'NONE',  ( -1.426581805901984073E-16, 0.000000000000000000, 1.000000000000000000 ) ) ;
#498 = EDGE_CURVE ( 'NONE', #2296, #1397, #3031, .T. ) ;
#499 = CARTESIAN_POINT ( 'NONE',  ( 0.2249999999999997280, 0.1999999999999999833, 0.7999999999999996003 ) ) ;
#500 = CYLINDRICAL_SURFACE ( 'NONE', #2083, 0.1000000000000002554 ) ;
#501 = EDGE_CURVE ( 'NONE', #2512, #2243, #2015, .T. ) ;
#502 = CIRCLE ( 'NONE', #2476, 0.1000000000000002554 ) ;
#503 = CARTESIAN_POINT ( 'NONE',  ( -0.3249999999999992895, 0.05000000000000000278, 0.3200000000000002842 ) ) ;
#504 = CIRCLE ( 'NONE', #1006, 0.1000000000000002554 ) ;
#505 = CARTESIAN_POINT ( 'NONE',  ( 0.7050000000000007372, 0.1999999999999999833, -0.7999999999999998224 ) ) ;
#506 = EDGE_CURVE ( 'NONE', #1663, #3107, #3020, .T. ) ;
#507 = DIRECTION ( 'NONE',  ( 0.000000000000000000, 1.000000000000000000, 0.000000000000000000 ) ) ;
#508 = CARTESIAN_POINT ( 'NONE',  ( 0.3249999999999997891, 0.000000000000000000, -0.9000000000000002442 ) ) ;
#509 = LINE ( 'NONE', #3207, #2645 ) ;
#510 = ADVANCED_FACE ( 'NONE', ( #976 ), #43, .F. ) ;
#511 = VECTOR ( 'NONE', #1227, 1000.000000000000000 ) ;
#512 = DIRECTION ( 'NONE',  ( -0.000000000000000000, -1.000000000000000000, -0.000000000000000000 ) ) ;
#513 = VECTOR ( 'NONE', #1656, 1000.000000000000000 ) ;
#514 = AXIS2_PLACEMENT_3D ( 'NONE', #1542, #271, #778 ) ;
#515 = EDGE_CURVE ( 'NONE', #2013, #716, #2024, .T. ) ;
#516 = CARTESIAN_POINT ( 'NONE',  ( -0.6049999999999994271, -0.8323460818673934503, -1.000000000000000444 ) ) ;
#517 = CARTESIAN_POINT ( 'NONE',  ( -0.7049999999999996270, -0.8323460818673934503, -0.4200000000000008726 ) ) ;
#518 = CYLINDRICAL_SURFACE ( 'NONE', #2386, 0.1000000000000002137 ) ;
#519 = CARTESIAN_POINT ( 'NONE',  ( -0.6049999999999995381, 0.000000000000000000, 0.4200000000000006506 ) ) ;
#520 = LINE ( 'NONE', #2781, #513 ) ;
#521 = CARTESIAN_POINT ( 'NONE',  ( -0.7050000000000000711, 0.1999999999999999833, -0.7999999999999998224 ) ) ;
#522 = CARTESIAN_POINT ( 'NONE',  ( -0.3249999999999993450, 0.000000000000000000, -0.9000000000000002442 ) ) ;
#523 = AXIS2_PLACEMENT_3D ( 'NONE', #1632, #2541, #913 ) ;
#524 = COLOUR_RGB ( '',1.000000000000000000, 1.000000000000000000, 1.000000000000000000 ) ;
#525 = DIRECTION ( 'NONE',  ( 0.000000000000000000, 0.000000000000000000, -1.000000000000000000 ) ) ;
#526 = ORIENTED_EDGE ( 'NONE', *, *, #1462, .F. ) ;
#527 = LINE ( 'NONE', #923, #532 ) ;
#528 = DIRECTION ( 'NONE',  ( -0.000000000000000000, 1.000000000000000000, -0.000000000000000000 ) ) ;
#529 = AXIS2_PLACEMENT_3D ( 'NONE', #1341, #1378, #2336 ) ;
#530 = DIRECTION ( 'NONE',  ( 0.000000000000000000, 0.000000000000000000, 1.000000000000000000 ) ) ;
#531 = ORIENTED_EDGE ( 'NONE', *, *, #1001, .F. ) ;
#532 = VECTOR ( 'NONE', #981, 1000.000000000000000 ) ;
#533 = CARTESIAN_POINT ( 'NONE',  ( 0.6049999999999998712, 0.000000000000000000, 0.8999999999999994671 ) ) ;
#534 = DIRECTION ( 'NONE',  ( 1.000000000000000000, 0.000000000000000000, -5.421010862427508365E-16 ) ) ;
#535 = EDGE_CURVE ( 'NONE', #1506, #2101, #3003, .T. ) ;
#536 = LINE ( 'NONE', #2713, #490 ) ;
#537 = ADVANCED_FACE ( 'NONE', ( #3102 ), #2919, .F. ) ;
#538 = ORIENTED_EDGE ( 'NONE', *, *, #1601, .F. ) ;
#539 = LINE ( 'NONE', #2075, #1659 ) ;
#540 = EDGE_CURVE ( 'NONE', #409, #2481, #1932, .T. ) ;
#541 = ADVANCED_FACE ( 'NONE', ( #1937 ), #447, .F. ) ;
#542 = CARTESIAN_POINT ( 'NONE',  ( -0.5499999999999998224, 0.7999999999999999334, -0.7500000000000004441 ) ) ;
#543 = CIRCLE ( 'NONE', #699, 0.1000000000000000472 ) ;
#544 = DIRECTION ( 'NONE',  ( -0.000000000000000000, -1.000000000000000000, -0.000000000000000000 ) ) ;
#545 = EDGE_LOOP ( 'NONE', ( #1117, #2230, #2461, #3111 ) ) ;
#546 = VECTOR ( 'NONE', #354, 1000.000000000000000 ) ;
#547 = DIRECTION ( 'NONE',  ( 0.000000000000000000, 1.000000000000000000, 0.000000000000000000 ) ) ;
#548 = DIRECTION ( 'NONE',  ( -0.000000000000000000, -1.000000000000000000, -0.000000000000000000 ) ) ;
#549 = EDGE_CURVE ( 'NONE', #3035, #3076, #989, .T. ) ;
#550 = CIRCLE ( 'NONE', #2027, 0.1000000000000002554 ) ;
#551 = ORIENTED_EDGE ( 'NONE', *, *, #1839, .T. ) ;
#552 = LINE ( 'NONE', #1125, #511 ) ;
#553 = CARTESIAN_POINT ( 'NONE',  ( 0.2249999999999993394, 0.1999999999999999833, -0.4200000000000007061 ) ) ;
#554 = CARTESIAN_POINT ( 'NONE',  ( -0.6049999999999994271, 0.1999999999999999833, 0.3200000000000006173 ) ) ;
#555 = DIRECTION ( 'NONE',  ( -0.000000000000000000, -1.000000000000000000, -0.000000000000000000 ) ) ;
#556 = VECTOR ( 'NONE', #1265, 1000.000000000000000 ) ;
#557 = ORIENTED_EDGE ( 'NONE', *, *, #1468, .T. ) ;
#558 = VECTOR ( 'NONE', #3136, 1000.000000000000000 ) ;
#559 = DIRECTION ( 'NONE',  ( 1.000000000000000000, 0.000000000000000000, 0.000000000000000000 ) ) ;
#560 = CARTESIAN_POINT ( 'NONE',  ( -0.7050000000000002931, -0.8323460818673934503, 0.7999999999999989342 ) ) ;
#561 = PRESENTATION_STYLE_ASSIGNMENT (( #1425 ) ) ;
#562 = AXIS2_PLACEMENT_3D ( 'NONE', #400, #2879, #648 ) ;
#563 = ORIENTED_EDGE ( 'NONE', *, *, #2987, .F. ) ;
#564 = LINE ( 'NONE', #2656, #1646 ) ;
#565 = DIRECTION ( 'NONE',  ( 0.000000000000000000, 1.000000000000000000, 0.000000000000000000 ) ) ;
#566 = CARTESIAN_POINT ( 'NONE',  ( 0.3249999999999997335, 0.1999999999999999833, 0.9999999999999995559 ) ) ;
#567 = FACE_OUTER_BOUND ( 'NONE', #449, .T. ) ;
#568 = DIRECTION ( 'NONE',  ( 0.000000000000000000, -0.000000000000000000, 1.000000000000000000 ) ) ;
#569 = ADVANCED_FACE ( 'NONE', ( #1989 ), #1690, .F. ) ;
#570 = AXIS2_PLACEMENT_3D ( 'NONE', #1251, #2295, #1503 ) ;
#571 = ORIENTED_EDGE ( 'NONE', *, *, #265, .F. ) ;
#572 = FACE_OUTER_BOUND ( 'NONE', #1415, .T. ) ;
#573 = CARTESIAN_POINT ( 'NONE',  ( 0.6049999999999998712, 0.1999999999999999833, 0.8999999999999994671 ) ) ;
#574 = ADVANCED_FACE ( 'NONE', ( #1948 ), #2996, .T. ) ;
#575 = LINE ( 'NONE', #603, #1650 ) ;
#576 = CARTESIAN_POINT ( 'NONE',  ( -0.7049999999999992939, 0.05000000000000000278, 0.4200000000000008726 ) ) ;
#577 = PRESENTATION_LAYER_ASSIGNMENT (  '', '', ( #2775 ) ) ;
#578 = EDGE_LOOP ( 'NONE', ( #938, #229, #2989, #2995 ) ) ;
#579 = VECTOR ( 'NONE', #2607, 1000.000000000000000 ) ;
#580 = CARTESIAN_POINT ( 'NONE',  ( -0.6049999999999994271, -0.8323460818673934503, 0.8999999999999994671 ) ) ;
#581 = CARTESIAN_POINT ( 'NONE',  ( 0.6049999999999993161, 0.1999999999999999833, -0.3200000000000007283 ) ) ;
#582 = VECTOR ( 'NONE', #3169, 1000.000000000000000 ) ;
#583 = ORIENTED_EDGE ( 'NONE', *, *, #472, .T. ) ;
#584 = DIRECTION ( 'NONE',  ( -5.421010862427509351E-16, 0.000000000000000000, 1.000000000000000000 ) ) ;
#585 = CARTESIAN_POINT ( 'NONE',  ( -0.3249999999999993450, 0.1999999999999999833, 0.7999999999999996003 ) ) ;
#586 = CIRCLE ( 'NONE', #3017, 0.09999999999999993616 ) ;
#587 = EDGE_CURVE ( 'NONE', #2290, #2540, #3039, .T. ) ;
#588 = VECTOR ( 'NONE', #1173, 1000.000000000000000 ) ;
#589 = CARTESIAN_POINT ( 'NONE',  ( 0.3249999999999996225, 0.000000000000000000, -0.4200000000000009281 ) ) ;
#590 = MANIFOLD_SOLID_BREP ( 'Boss-Extrude3[1]', #2882 ) ;
#591 = CARTESIAN_POINT ( 'NONE',  ( 0.6049999999999998712, -0.8323460818673934503, 0.9999999999999995559 ) ) ;
#592 = VECTOR ( 'NONE', #1332, 1000.000000000000000 ) ;
#593 = DIRECTION ( 'NONE',  ( 0.000000000000000000, 0.000000000000000000, 1.000000000000000000 ) ) ;
#594 = ORIENTED_EDGE ( 'NONE', *, *, #650, .F. ) ;
#595 = EDGE_CURVE ( 'NONE', #2360, #2184, #1984, .T. ) ;
#596 = LINE ( 'NONE', #3195, #2728 ) ;
#597 = CARTESIAN_POINT ( 'NONE',  ( -0.4049999999999993605, -0.8323460818673934503, -0.3200000000000003397 ) ) ;
#598 = CARTESIAN_POINT ( 'NONE',  ( 0.6049999999999998712, 0.000000000000000000, -0.9000000000000003553 ) ) ;
#599 = FACE_OUTER_BOUND ( 'NONE', #204, .T. ) ;
#600 = ADVANCED_FACE ( 'NONE', ( #3051 ), #3077, .F. ) ;
#601 = ORIENTED_EDGE ( 'NONE', *, *, #2992, .T. ) ;
#602 = LINE ( 'NONE', #1364, #546 ) ;
#603 = CARTESIAN_POINT ( 'NONE',  ( 0.6049999999999993161, 0.1999999999999999833, -0.3200000000000007283 ) ) ;
#604 = EDGE_CURVE ( 'NONE', #1113, #2203, #932, .T. ) ;
#605 = DIRECTION ( 'NONE',  ( -0.000000000000000000, -1.000000000000000000, -0.000000000000000000 ) ) ;
#606 = DIRECTION ( 'NONE',  ( 1.000000000000000000, 0.000000000000000000, -5.421010862427509351E-16 ) ) ;
#607 = LINE ( 'NONE', #216, #2792 ) ;
#608 = VERTEX_POINT ( 'NONE', #1123 ) ;
#609 = VECTOR ( 'NONE', #52, 1000.000000000000000 ) ;
#610 = DIRECTION ( 'NONE',  ( 2.282530889443178855E-15, -0.000000000000000000, -1.000000000000000000 ) ) ;
#611 = AXIS2_PLACEMENT_3D ( 'NONE', #322, #547, #1345 ) ;
#612 = LINE ( 'NONE', #1595, #1638 ) ;
#613 = ORIENTED_EDGE ( 'NONE', *, *, #843, .F. ) ;
#614 = LINE ( 'NONE', #952, #579 ) ;
#615 = DIRECTION ( 'NONE',  ( 0.000000000000000000, -0.000000000000000000, 1.000000000000000000 ) ) ;
#616 = AXIS2_PLACEMENT_3D ( 'NONE', #1823, #1847, #840 ) ;
#617 = DIRECTION ( 'NONE',  ( 0.000000000000000000, 0.000000000000000000, 1.000000000000000000 ) ) ;
#618 = FACE_OUTER_BOUND ( 'NONE', #1349, .T. ) ;
#619 = CARTESIAN_POINT ( 'NONE',  ( -0.6049999999999994271, 0.05000000000000000278, 0.8999999999999994671 ) ) ;
#620 = ORIENTED_EDGE ( 'NONE', *, *, #2361, .T. ) ;
#621 = LINE ( 'NONE', #2851, #558 ) ;
#622 = DIRECTION ( 'NONE',  ( -4.279745417705952464E-16, 0.000000000000000000, -1.000000000000000000 ) ) ;
#623 = CARTESIAN_POINT ( 'NONE',  ( -0.5499999999999998224, 0.7999999999999999334, -0.6500000000000002442 ) ) ;
#624 = EDGE_CURVE ( 'NONE', #1899, #1810, #945, .T. ) ;
#625 = CIRCLE ( 'NONE', #3205, 0.09999999999999993616 ) ;
#626 = ORIENTED_EDGE ( 'NONE', *, *, #2950, .F. ) ;
#627 = CIRCLE ( 'NONE', #1695, 0.09999999999999993616 ) ;
#628 = CARTESIAN_POINT ( 'NONE',  ( -0.3249999999999993450, 0.05000000000000000278, -0.8000000000000004885 ) ) ;
#629 = EDGE_CURVE ( 'NONE', #19, #244, #954, .T. ) ;
#630 = CARTESIAN_POINT ( 'NONE',  ( -0.4049999999999993605, 0.1999999999999999833, -0.3200000000000003397 ) ) ;
#631 = CIRCLE ( 'NONE', #223, 0.1000000000000003109 ) ;
#632 = ADVANCED_FACE ( 'NONE', ( #1513 ), #145, .F. ) ;
#633 = ORIENTED_EDGE ( 'NONE', *, *, #695, .F. ) ;
#634 = LINE ( 'NONE', #1742, #682 ) ;
#635 = CARTESIAN_POINT ( 'NONE',  ( -0.6049999999999994271, -0.8323460818673934503, 0.3200000000000003397 ) ) ;
#636 = DIRECTION ( 'NONE',  ( -0.7071067811865463515, 0.000000000000000000, 0.7071067811865487940 ) ) ;
#637 = EDGE_CURVE ( 'NONE', #1960, #2810, #394, .T. ) ;
#638 = LINE ( 'NONE', #2848, #1662 ) ;
#639 = PLANE ( 'NONE',  #1480 ) ;
#640 = ORIENTED_EDGE ( 'NONE', *, *, #476, .F. ) ;
#641 = VECTOR ( 'NONE', #174, 1000.000000000000000 ) ;
#642 = DIRECTION ( 'NONE',  ( 0.000000000000000000, 0.000000000000000000, 1.000000000000000000 ) ) ;
#643 = DIRECTION ( 'NONE',  ( 1.426581805901984073E-16, 0.000000000000000000, -1.000000000000000000 ) ) ;
#644 = VECTOR ( 'NONE', #3063, 1000.000000000000000 ) ;
#645 = ORIENTED_EDGE ( 'NONE', *, *, #1544, .T. ) ;
#646 = LINE ( 'NONE', #2468, #2795 ) ;
#647 = PLANE ( 'NONE',  #523 ) ;
#648 = DIRECTION ( 'NONE',  ( 0.000000000000000000, 0.000000000000000000, -1.000000000000000000 ) ) ;
#649 = FACE_OUTER_BOUND ( 'NONE', #838, .T. ) ;
#650 = EDGE_CURVE ( 'NONE', #1716, #1360, #368, .T. ) ;
#651 = SURFACE_STYLE_USAGE ( .BOTH. , #187 ) ;
#652 = ORIENTED_EDGE ( 'NONE', *, *, #2640, .F. ) ;
#653 = PLANE ( 'NONE',  #1172 ) ;
#654 = DIRECTION ( 'NONE',  ( 0.000000000000000000, -0.000000000000000000, 1.000000000000000000 ) ) ;
#655 = LINE ( 'NONE', #580, #1729 ) ;
#656 = AXIS2_PLACEMENT_3D ( 'NONE', #1383, #2826, #1608 ) ;
#657 = ORIENTED_EDGE ( 'NONE', *, *, #1591, .T. ) ;
#658 = CARTESIAN_POINT ( 'NONE',  ( -0.6049999999999995381, 0.1999999999999999833, 0.4200000000000006506 ) ) ;
#659 = CARTESIAN_POINT ( 'NONE',  ( -0.3249999999999993450, 0.1999999999999999833, -0.9000000000000002442 ) ) ;
#660 = VECTOR ( 'NONE', #76, 1000.000000000000000 ) ;
#661 =( GEOMETRIC_REPRESENTATION_CONTEXT ( 3 ) GLOBAL_UNCERTAINTY_ASSIGNED_CONTEXT ( ( #2571 ) ) GLOBAL_UNIT_ASSIGNED_CONTEXT ( ( #1426, #3043, #110 ) ) REPRESENTATION_CONTEXT ( 'NONE', 'WORKASPACE' ) );
#662 = ORIENTED_EDGE ( 'NONE', *, *, #311, .F. ) ;
#663 = LINE ( 'NONE', #2206, #739 ) ;
#664 = DIRECTION ( 'NONE',  ( -0.000000000000000000, 1.000000000000000000, 0.000000000000000000 ) ) ;
#665 = DIRECTION ( 'NONE',  ( -1.000000000000000000, 0.000000000000000000, -2.282530889443178460E-15 ) ) ;
#666 = LINE ( 'NONE', #2002, #1667 ) ;
#667 = DIRECTION ( 'NONE',  ( 0.000000000000000000, 1.000000000000000000, 0.000000000000000000 ) ) ;
#668 = VERTEX_POINT ( 'NONE', #1144 ) ;
#669 = FACE_OUTER_BOUND ( 'NONE', #886, .T. ) ;
#670 = EDGE_CURVE ( 'NONE', #1202, #1110, #452, .T. ) ;
#671 = CARTESIAN_POINT ( 'NONE',  ( 0.3249999999999997891, 0.1999999999999999833, -0.8000000000000004885 ) ) ;
#672 = FACE_OUTER_BOUND ( 'NONE', #100, .T. ) ;
#673 =( NAMED_UNIT ( * ) PLANE_ANGLE_UNIT ( ) SI_UNIT ( $, .RADIAN. ) );
#674 = EDGE_CURVE ( 'NONE', #1841, #2138, #2567, .T. ) ;
#675 = ORIENTED_EDGE ( 'NONE', *, *, #843, .T. ) ;
#676 = VECTOR ( 'NONE', #2197, 1000.000000000000000 ) ;
#677 = DIRECTION ( 'NONE',  ( -1.000000000000000000, 0.000000000000000000, 0.000000000000000000 ) ) ;
#678 = DIRECTION ( 'NONE',  ( 1.000000000000000000, 0.000000000000000000, -0.000000000000000000 ) ) ;
#679 = LINE ( 'NONE', #2326, #686 ) ;
#680 = ORIENTED_EDGE ( 'NONE', *, *, #681, .F. ) ;
#681 = EDGE_CURVE ( 'NONE', #2365, #172, #1452, .T. ) ;
#682 = VECTOR ( 'NONE', #1266, 1000.000000000000000 ) ;
#683 = CARTESIAN_POINT ( 'NONE',  ( 0.3249999999999996225, -0.8323460818673934503, -0.3200000000000002287 ) ) ;
#684 = DIRECTION ( 'NONE',  ( 0.000000000000000000, -1.000000000000000000, 0.000000000000000000 ) ) ;
#685 = CARTESIAN_POINT ( 'NONE',  ( -0.2249999999999993672, 0.1999999999999999833, -0.5000000000000008882 ) ) ;
#686 = VECTOR ( 'NONE', #1832, 1000.000000000000000 ) ;
#687 = VERTEX_POINT ( 'NONE', #3108 ) ;
#688 = VECTOR ( 'NONE', #1519, 1000.000000000000000 ) ;
#689 = DIRECTION ( 'NONE',  ( -0.000000000000000000, 1.000000000000000000, -0.000000000000000000 ) ) ;
#690 = PLANE ( 'NONE',  #746 ) ;
#691 = LINE ( 'NONE', #326, #2724 ) ;
#692 = DIRECTION ( 'NONE',  ( 0.000000000000000000, 0.000000000000000000, 1.000000000000000000 ) ) ;
#693 = FACE_OUTER_BOUND ( 'NONE', #280, .T. ) ;
#694 = CARTESIAN_POINT ( 'NONE',  ( -0.2249999999999992839, 0.05000000000000000278, -0.8000000000000004885 ) ) ;
#695 = EDGE_CURVE ( 'NONE', #263, #2290, #440, .T. ) ;
#696 = ORIENTED_EDGE ( 'NONE', *, *, #1150, .T. ) ;
#697 = LINE ( 'NONE', #2233, #2853 ) ;
#698 = DIRECTION ( 'NONE',  ( -0.7071067811865487940, 0.000000000000000000, -0.7071067811865463515 ) ) ;
#699 = AXIS2_PLACEMENT_3D ( 'NONE', #1171, #1402, #593 ) ;
#700 = ORIENTED_EDGE ( 'NONE', *, *, #1432, .F. ) ;
#701 = LINE ( 'NONE', #103, #1718 ) ;
#702 = CARTESIAN_POINT ( 'NONE',  ( 0.7049999999999992939, 0.1999999999999999833, -0.4200000000000006506 ) ) ;
#703 = DIRECTION ( 'NONE',  ( -0.000000000000000000, -1.000000000000000000, -0.000000000000000000 ) ) ;
#704 = MECHANICAL_DESIGN_GEOMETRIC_PRESENTATION_REPRESENTATION (  '', ( #2775 ), #2856 ) ;
#705 = ORIENTED_EDGE ( 'NONE', *, *, #2437, .T. ) ;
#706 = VECTOR ( 'NONE', #782, 1000.000000000000000 ) ;
#707 = ORIENTED_EDGE ( 'NONE', *, *, #451, .T. ) ;
#708 = EDGE_CURVE ( 'NONE', #713, #2374, #1442, .T. ) ;
#709 = ORIENTED_EDGE ( 'NONE', *, *, #2437, .F. ) ;
#710 = LINE ( 'NONE', #1184, #732 ) ;
#711 = ORIENTED_EDGE ( 'NONE', *, *, #1833, .T. ) ;
#712 = DIRECTION ( 'NONE',  ( -0.000000000000000000, 1.000000000000000000, -0.000000000000000000 ) ) ;
#713 = VERTEX_POINT ( 'NONE', #816 ) ;
#714 = FACE_OUTER_BOUND ( 'NONE', #2931, .T. ) ;
#715 = DIRECTION ( 'NONE',  ( -1.426581805901980621E-16, -0.000000000000000000, -1.000000000000000000 ) ) ;
#716 = VERTEX_POINT ( 'NONE', #2801 ) ;
#717 = EDGE_CURVE ( 'NONE', #1110, #713, #2525, .T. ) ;
#718 = ORIENTED_EDGE ( 'NONE', *, *, #2964, .T. ) ;
#719 = LINE ( 'NONE', #554, #2763 ) ;
#720 = VERTEX_POINT ( 'NONE', #566 ) ;
#721 = DIRECTION ( 'NONE',  ( -0.000000000000000000, -1.000000000000000000, -0.000000000000000000 ) ) ;
#722 = CARTESIAN_POINT ( 'NONE',  ( 0.3249999999999997891, -0.8323460818673934503, -0.8000000000000004885 ) ) ;
#723 = CARTESIAN_POINT ( 'NONE',  ( -0.5499999999999998224, 0.7999999999999999334, -0.7500000000000004441 ) ) ;
#724 = EDGE_CURVE ( 'NONE', #59, #2481, #1504, .T. ) ;
#725 = DIRECTION ( 'NONE',  ( -1.000000000000000000, 0.000000000000000000, 0.000000000000000000 ) ) ;
#726 = ORIENTED_EDGE ( 'NONE', *, *, #2640, .T. ) ;
#727 = CIRCLE ( 'NONE', #1518, 0.1000000000000003109 ) ;
#728 = VERTEX_POINT ( 'NONE', #2308 ) ;
#729 = CARTESIAN_POINT ( 'NONE',  ( -0.3249999999999993450, 0.1999999999999999833, -0.8000000000000004885 ) ) ;
#730 = AXIS2_PLACEMENT_3D ( 'NONE', #1499, #96, #2760 ) ;
#731 = EDGE_LOOP ( 'NONE', ( #249, #1309, #1335, #254 ) ) ;
#732 = VECTOR ( 'NONE', #1763, 1000.000000000000000 ) ;
#733 = ORIENTED_EDGE ( 'NONE', *, *, #1330, .T. ) ;
#734 = DIRECTION ( 'NONE',  ( 0.000000000000000000, 0.000000000000000000, 1.000000000000000000 ) ) ;
#735 = DIRECTION ( 'NONE',  ( -0.000000000000000000, 1.000000000000000000, -0.000000000000000000 ) ) ;
#736 = ADVANCED_FACE ( 'NONE', ( #1460 ), #690, .F. ) ;
#737 = AXIS2_PLACEMENT_3D ( 'NONE', #912, #251, #998 ) ;
#738 = ORIENTED_EDGE ( 'NONE', *, *, #3137, .T. ) ;
#739 = VECTOR ( 'NONE', #2637, 1000.000000000000000 ) ;
#740 = PLANE ( 'NONE',  #1982 ) ;
#741 = ORIENTED_EDGE ( 'NONE', *, *, #3200, .T. ) ;
#742 = ADVANCED_FACE ( 'NONE', ( #2483 ), #215, .F. ) ;
#743 = ORIENTED_EDGE ( 'NONE', *, *, #979, .F. ) ;
#744 = CIRCLE ( 'NONE', #350, 0.1000000000000002554 ) ;
#745 = VERTEX_POINT ( 'NONE', #2387 ) ;
#746 = AXIS2_PLACEMENT_3D ( 'NONE', #1417, #2847, #643 ) ;
#747 = DIRECTION ( 'NONE',  ( 0.000000000000000000, 0.000000000000000000, 1.000000000000000000 ) ) ;
#748 = DIRECTION ( 'NONE',  ( 1.000000000000000000, 0.000000000000000000, 0.000000000000000000 ) ) ;
#749 = DIRECTION ( 'NONE',  ( -1.000000000000000000, 0.000000000000000000, 5.421010862427509351E-16 ) ) ;
#750 = EDGE_CURVE ( 'NONE', #3183, #1275, #2558, .T. ) ;
#751 = EDGE_LOOP ( 'NONE', ( #1760, #1166 ) ) ;
#752 = CIRCLE ( 'NONE', #562, 0.1000000000000002137 ) ;
#753 = VERTEX_POINT ( 'NONE', #182 ) ;
#754 = DIRECTION ( 'NONE',  ( 0.000000000000000000, 0.000000000000000000, -1.000000000000000000 ) ) ;
#755 = DIRECTION ( 'NONE',  ( 0.000000000000000000, 1.000000000000000000, 0.000000000000000000 ) ) ;
#756 = LINE ( 'NONE', #2010, #1765 ) ;
#757 = ORIENTED_EDGE ( 'NONE', *, *, #1916, .F. ) ;
#758 = EDGE_CURVE ( 'NONE', #1803, #341, #429, .T. ) ;
#759 = VERTEX_POINT ( 'NONE', #397 ) ;
#760 = DIRECTION ( 'NONE',  ( -0.7071067811865463515, 0.000000000000000000, 0.7071067811865487940 ) ) ;
#761 = DIRECTION ( 'NONE',  ( -0.000000000000000000, -1.000000000000000000, -0.000000000000000000 ) ) ;
#762 = VECTOR ( 'NONE', #715, 1000.000000000000000 ) ;
#763 = LINE ( 'NONE', #3038, #1958 ) ;
#764 = CARTESIAN_POINT ( 'NONE',  ( -0.2249999999999991729, 0.1999999999999999833, 0.4200000000000008171 ) ) ;
#765 = ADVANCED_FACE ( 'NONE', ( #1500 ), #2570, .F. ) ;
#766 = PRESENTATION_STYLE_ASSIGNMENT (( #1552 ) ) ;
#767 = ORIENTED_EDGE ( 'NONE', *, *, #2915, .F. ) ;
#768 = VECTOR ( 'NONE', #2456, 1000.000000000000000 ) ;
#769 = ORIENTED_EDGE ( 'NONE', *, *, #1330, .F. ) ;
#770 = DIRECTION ( 'NONE',  ( -0.000000000000000000, 1.000000000000000000, -0.000000000000000000 ) ) ;
#771 = EDGE_CURVE ( 'NONE', #745, #1220, #2505, .T. ) ;
#772 = CARTESIAN_POINT ( 'NONE',  ( -0.3249999999999992895, 0.1999999999999999833, 0.3200000000000002842 ) ) ;
#773 = CARTESIAN_POINT ( 'NONE',  ( 0.7050000000000007372, 0.05000000000000000278, -0.7999999999999998224 ) ) ;
#774 = CARTESIAN_POINT ( 'NONE',  ( 0.7049999999999997380, 0.1999999999999999833, 0.4200000000000006506 ) ) ;
#775 = VECTOR ( 'NONE', #934, 1000.000000000000000 ) ;
#776 = ORIENTED_EDGE ( 'NONE', *, *, #405, .T. ) ;
#777 = AXIS2_PLACEMENT_3D ( 'NONE', #969, #1522, #754 ) ;
#778 = DIRECTION ( 'NONE',  ( 0.000000000000000000, 0.000000000000000000, 1.000000000000000000 ) ) ;
#779 = CIRCLE ( 'NONE', #2943, 0.1000000000000002137 ) ;
#780 = ORIENTED_EDGE ( 'NONE', *, *, #74, .F. ) ;
#781 = FACE_OUTER_BOUND ( 'NONE', #239, .T. ) ;
#782 = DIRECTION ( 'NONE',  ( -0.000000000000000000, 1.000000000000000000, -0.000000000000000000 ) ) ;
#783 = DIRECTION ( 'NONE',  ( 0.000000000000000000, 1.000000000000000000, 0.000000000000000000 ) ) ;
#784 = AXIS2_PLACEMENT_3D ( 'NONE', #869, #895, #3143 ) ;
#785 = ORIENTED_EDGE ( 'NONE', *, *, #2552, .T. ) ;
#786 = VECTOR ( 'NONE', #1935, 1000.000000000000000 ) ;
#787 =( LENGTH_UNIT ( ) NAMED_UNIT ( * ) SI_UNIT ( .MILLI., .METRE. ) );
#788 = ORIENTED_EDGE ( 'NONE', *, *, #2185, .F. ) ;
#789 = EDGE_CURVE ( 'NONE', #1954, #1014, #1508, .T. ) ;
#790 = VERTEX_POINT ( 'NONE', #1838 ) ;
#791 = DIRECTION ( 'NONE',  ( -1.084202172485501673E-15, 0.000000000000000000, 1.000000000000000000 ) ) ;
#792 = DIRECTION ( 'NONE',  ( 3.423796334164766704E-15, 0.000000000000000000, 1.000000000000000000 ) ) ;
#793 = EDGE_CURVE ( 'NONE', #1053, #2296, #2576, .T. ) ;
#794 = DIRECTION ( 'NONE',  ( 0.000000000000000000, -1.000000000000000000, 0.000000000000000000 ) ) ;
#795 = ADVANCED_FACE ( 'NONE', ( #420 ), #1393, .F. ) ;
#796 = DIRECTION ( 'NONE',  ( -0.000000000000000000, -1.000000000000000000, -0.000000000000000000 ) ) ;
#797 = LINE ( 'NONE', #1162, #2817 ) ;
#798 = CARTESIAN_POINT ( 'NONE',  ( -0.7999999999999998224, 0.8500000000000000888, 0.9999999999999995559 ) ) ;
#799 = VECTOR ( 'NONE', #2052, 1000.000000000000000 ) ;
#800 = VERTEX_POINT ( 'NONE', #3016 ) ;
#801 = CARTESIAN_POINT ( 'NONE',  ( 0.000000000000000000, 0.05000000000000000278, 0.000000000000000000 ) ) ;
#802 = EDGE_CURVE ( 'NONE', #1113, #1803, #2563, .T. ) ;
#803 = CARTESIAN_POINT ( 'NONE',  ( -0.3249999999999993450, 0.1999999999999999833, 0.7999999999999996003 ) ) ;
#804 = FACE_OUTER_BOUND ( 'NONE', #1176, .T. ) ;
#805 = EDGE_LOOP ( 'NONE', ( #2058, #2448, #2727, #1407 ) ) ;
#806 = DIRECTION ( 'NONE',  ( -0.000000000000000000, 1.000000000000000000, -0.000000000000000000 ) ) ;
#807 = CIRCLE ( 'NONE', #1420, 0.1000000000000001582 ) ;
#808 = CARTESIAN_POINT ( 'NONE',  ( -0.2249999999999993672, 0.1999999999999999833, -0.5000000000000009992 ) ) ;
#809 = VECTOR ( 'NONE', #2542, 1000.000000000000000 ) ;
#810 = FILL_AREA_STYLE ('',( #1302 ) ) ;
#811 = VERTEX_POINT ( 'NONE', #1160 ) ;
#812 = EDGE_CURVE ( 'NONE', #2869, #851, #2553, .T. ) ;
#813 = VECTOR ( 'NONE', #178, 1000.000000000000000 ) ;
#814 = CIRCLE ( 'NONE', #25, 0.1000000000000001027 ) ;
#815 = ORIENTED_EDGE ( 'NONE', *, *, #501, .T. ) ;
#816 = CARTESIAN_POINT ( 'NONE',  ( 0.2249999999999997835, 0.1999999999999999833, 0.4200000000000007616 ) ) ;
#817 = DIRECTION ( 'NONE',  ( -3.423796334164766704E-15, 0.000000000000000000, -1.000000000000000000 ) ) ;
#818 = LINE ( 'NONE', #764, #1884 ) ;
#819 = CARTESIAN_POINT ( 'NONE',  ( 0.6049999999999998712, 0.1999999999999999833, -1.000000000000000444 ) ) ;
#820 = AXIS2_PLACEMENT_3D ( 'NONE', #220, #2227, #2658 ) ;
#821 = CYLINDRICAL_SURFACE ( 'NONE', #2771, 0.09999999999999993616 ) ;
#822 = EDGE_LOOP ( 'NONE', ( #46, #2375, #1370, #1333 ) ) ;
#823 = ADVANCED_FACE ( 'NONE', ( #2510 ), #1795, .T. ) ;
#824 = VERTEX_POINT ( 'NONE', #2793 ) ;
#825 = AXIS2_PLACEMENT_3D ( 'NONE', #2974, #2479, #484 ) ;
#826 = ADVANCED_FACE ( 'NONE', ( #1438 ), #3042, .F. ) ;
#827 = CYLINDRICAL_SURFACE ( 'NONE', #3072, 0.1000000000000002554 ) ;
#828 = CARTESIAN_POINT ( 'NONE',  ( 0.3249999999999997335, -0.8323460818673934503, 0.9999999999999995559 ) ) ;
#829 = CIRCLE ( 'NONE', #17, 0.09999999999999993616 ) ;
#830 = DIRECTION ( 'NONE',  ( -0.000000000000000000, 1.000000000000000000, -0.000000000000000000 ) ) ;
#831 = ORIENTED_EDGE ( 'NONE', *, *, #212, .T. ) ;
#832 = AXIS2_PLACEMENT_3D ( 'NONE', #63, #770, #747 ) ;
#833 = SURFACE_STYLE_FILL_AREA ( #810 ) ;
#834 = CARTESIAN_POINT ( 'NONE',  ( -0.6049999999999994271, 0.1999999999999999833, 0.3200000000000006173 ) ) ;
#835 = LINE ( 'NONE', #1613, #3012 ) ;
#836 = EDGE_CURVE ( 'NONE', #469, #728, #1479, .T. ) ;
#837 = LINE ( 'NONE', #1852, #1818 ) ;
#838 = EDGE_LOOP ( 'NONE', ( #1858, #1770, #2453, #1391, #91, #2259, #1284, #2924, #2457, #284 ) ) ;
#839 = CARTESIAN_POINT ( 'NONE',  ( 0.3249999999999997891, 0.1999999999999999833, 0.7999999999999996003 ) ) ;
#840 = DIRECTION ( 'NONE',  ( 0.000000000000000000, 0.000000000000000000, 1.000000000000000000 ) ) ;
#841 = CIRCLE ( 'NONE', #1866, 0.09999999999999993616 ) ;
#842 = VECTOR ( 'NONE', #2737, 1000.000000000000000 ) ;
#843 = EDGE_CURVE ( 'NONE', #341, #1411, #435, .T. ) ;
#844 =( LENGTH_UNIT ( ) NAMED_UNIT ( * ) SI_UNIT ( .MILLI., .METRE. ) );
#845 = CARTESIAN_POINT ( 'NONE',  ( 0.3249999999999996225, 0.05000000000000000278, -0.4200000000000009281 ) ) ;
#846 = ORIENTED_EDGE ( 'NONE', *, *, #2267, .F. ) ;
#847 = FACE_OUTER_BOUND ( 'NONE', #2417, .T. ) ;
#848 = PRESENTATION_STYLE_ASSIGNMENT (( #916 ) ) ;
#849 = ORIENTED_EDGE ( 'NONE', *, *, #2413, .T. ) ;
#850 = DIRECTION ( 'NONE',  ( 0.000000000000000000, -1.000000000000000000, 0.000000000000000000 ) ) ;
#851 = VERTEX_POINT ( 'NONE', #1336 ) ;
#852 = ADVANCED_FACE ( 'NONE', ( #1474 ), #1075, .T. ) ;
#853 = EDGE_LOOP ( 'NONE', ( #261, #1419, #2534, #2042 ) ) ;
#854 = DIRECTION ( 'NONE',  ( -0.000000000000000000, 1.000000000000000000, 0.000000000000000000 ) ) ;
#855 = LINE ( 'NONE', #598, #768 ) ;
#856 = CARTESIAN_POINT ( 'NONE',  ( -0.5499999999999998224, 0.7999999999999999334, -0.7500000000000004441 ) ) ;
#857 = ORIENTED_EDGE ( 'NONE', *, *, #1488, .T. ) ;
#858 = MECHANICAL_DESIGN_GEOMETRIC_PRESENTATION_REPRESENTATION (  '', ( #2496 ), #1648 ) ;
#859 = DIRECTION ( 'NONE',  ( -2.710505431213765029E-16, 0.000000000000000000, 1.000000000000000000 ) ) ;
#860 = VECTOR ( 'NONE', #2623, 1000.000000000000000 ) ;
#861 = DIRECTION ( 'NONE',  ( 0.000000000000000000, -1.000000000000000000, 0.000000000000000000 ) ) ;
#862 = ORIENTED_EDGE ( 'NONE', *, *, #1458, .F. ) ;
#863 = DIRECTION ( 'NONE',  ( 0.000000000000000000, 1.000000000000000000, 0.000000000000000000 ) ) ;
#864 = AXIS2_PLACEMENT_3D ( 'NONE', #1233, #2911, #2857 ) ;
#865 = DIRECTION ( 'NONE',  ( 0.000000000000000000, -1.000000000000000000, 0.000000000000000000 ) ) ;
#866 = ORIENTED_EDGE ( 'NONE', *, *, #1297, .T. ) ;
#867 = ORIENTED_EDGE ( 'NONE', *, *, #2043, .F. ) ;
#868 = STYLED_ITEM ( 'NONE', ( #1975 ), #590 ) ;
#869 = CARTESIAN_POINT ( 'NONE',  ( 0.7049999999999992939, -0.8323460818673934503, 0.4200000000000006506 ) ) ;
#870 = ORIENTED_EDGE ( 'NONE', *, *, #1150, .F. ) ;
#871 = CIRCLE ( 'NONE', #2421, 0.1000000000000001027 ) ;
#872 = FILL_AREA_STYLE_COLOUR ( '', #2039 ) ;
#873 = ORIENTED_EDGE ( 'NONE', *, *, #203, .T. ) ;
#874 = AXIS2_PLACEMENT_3D ( 'NONE', #1440, #1668, #1687 ) ;
#875 = VECTOR ( 'NONE', #2471, 1000.000000000000000 ) ;
#876 = CARTESIAN_POINT ( 'NONE',  ( 0.2249999999999997280, 0.05000000000000000278, -0.8000000000000004885 ) ) ;
#877 = DIRECTION ( 'NONE',  ( 0.000000000000000000, 0.000000000000000000, 1.000000000000000000 ) ) ;
#878 = ORIENTED_EDGE ( 'NONE', *, *, #299, .F. ) ;
#879 = CARTESIAN_POINT ( 'NONE',  ( -0.6049999999999994271, 0.05000000000000000278, 0.3200000000000003397 ) ) ;
#880 = EDGE_CURVE ( 'NONE', #2920, #1136, #1529, .T. ) ;
#881 = ORIENTED_EDGE ( 'NONE', *, *, #3174, .F. ) ;
#882 = CIRCLE ( 'NONE', #1179, 0.1000000000000002554 ) ;
#883 = CARTESIAN_POINT ( 'NONE',  ( -0.3249999999999993450, -0.8323460818673934503, 0.7999999999999996003 ) ) ;
#884 = LINE ( 'NONE', #1278, #1002 ) ;
#885 = CARTESIAN_POINT ( 'NONE',  ( 0.2249999999999997280, 0.1999999999999999833, 0.7999999999999996003 ) ) ;
#886 = EDGE_LOOP ( 'NONE', ( #1396, #3181, #2523, #1936 ) ) ;
#887 = CARTESIAN_POINT ( 'NONE',  ( -0.7999999999999998224, 0.05000000000000000278, 0.9999999999999995559 ) ) ;
#888 = EDGE_CURVE ( 'NONE', #1886, #134, #374, .T. ) ;
#889 = CARTESIAN_POINT ( 'NONE',  ( 0.3249999999999997891, 0.1999999999999999833, -0.8000000000000004885 ) ) ;
#890 = ORIENTED_EDGE ( 'NONE', *, *, #2241, .T. ) ;
#891 = LINE ( 'NONE', #1753, #1944 ) ;
#892 = CARTESIAN_POINT ( 'NONE',  ( 0.2249999999999997280, 0.1999999999999999833, -0.8000000000000004885 ) ) ;
#893 = VECTOR ( 'NONE', #1185, 1000.000000000000000 ) ;
#894 = ORIENTED_EDGE ( 'NONE', *, *, #2740, .F. ) ;
#895 = DIRECTION ( 'NONE',  ( -1.000000000000000000, 0.000000000000000000, 3.423796334164766704E-15 ) ) ;
#896 = EDGE_CURVE ( 'NONE', #1234, #2565, #2582, .T. ) ;
#897 = VECTOR ( 'NONE', #703, 1000.000000000000000 ) ;
#898 = FACE_OUTER_BOUND ( 'NONE', #1087, .T. ) ;
#899 = VECTOR ( 'NONE', #2509, 1000.000000000000000 ) ;
#900 = DIRECTION ( 'NONE',  ( -0.000000000000000000, -1.000000000000000000, -0.000000000000000000 ) ) ;
#901 = EDGE_LOOP ( 'NONE', ( #256, #1971, #383, #2467 ) ) ;
#902 = ORIENTED_EDGE ( 'NONE', *, *, #3, .F. ) ;
#903 = DIRECTION ( 'NONE',  ( 1.000000000000000000, 0.000000000000000000, -1.936075308009828431E-16 ) ) ;
#904 = CARTESIAN_POINT ( 'NONE',  ( 0.6049999999999993161, 0.000000000000000000, -0.3200000000000001732 ) ) ;
#905 = AXIS2_PLACEMENT_3D ( 'NONE', #1873, #977, #2135 ) ;
#906 = FACE_OUTER_BOUND ( 'NONE', #1843, .T. ) ;
#907 = CARTESIAN_POINT ( 'NONE',  ( 0.3249999999999997335, 0.05000000000000000278, 0.9999999999999995559 ) ) ;
#908 = EDGE_LOOP ( 'NONE', ( #2600, #2277, #1652, #2282 ) ) ;
#909 = FACE_OUTER_BOUND ( 'NONE', #113, .T. ) ;
#910 = AXIS2_PLACEMENT_3D ( 'NONE', #1524, #528, #1543 ) ;
#911 = ORIENTED_EDGE ( 'NONE', *, *, #1267, .T. ) ;
#912 = CARTESIAN_POINT ( 'NONE',  ( 0.2249999999999997280, -0.8323460818673934503, -0.8000000000000004885 ) ) ;
#913 = DIRECTION ( 'NONE',  ( 0.000000000000000000, 0.000000000000000000, 1.000000000000000000 ) ) ;
#914 = VERTEX_POINT ( 'NONE', #2772 ) ;
#915 = COLOUR_RGB ( '',0.7921568627450980005, 0.8196078431372548767, 0.9333333333333333481 ) ;
#916 = SURFACE_STYLE_USAGE ( .BOTH. , #2580 ) ;
#917 = VECTOR ( 'NONE', #1682, 1000.000000000000000 ) ;
#918 = LINE ( 'NONE', #1296, #1010 ) ;
#919 = AXIS2_PLACEMENT_3D ( 'NONE', #486, #2, #466 ) ;
#920 = VERTEX_POINT ( 'NONE', #109 ) ;
#921 = DIRECTION ( 'NONE',  ( 0.000000000000000000, 0.000000000000000000, -1.000000000000000000 ) ) ;
#922 = ORIENTED_EDGE ( 'NONE', *, *, #1414, .F. ) ;
#923 = CARTESIAN_POINT ( 'NONE',  ( -0.6049999999999994271, -0.8323460818673934503, 0.3200000000000006173 ) ) ;
#924 = VECTOR ( 'NONE', #2536, 1000.000000000000000 ) ;
#925 = FACE_OUTER_BOUND ( 'NONE', #993, .T. ) ;
#926 = EDGE_CURVE ( 'NONE', #728, #1113, #1464, .T. ) ;
#927 = PRESENTATION_STYLE_ASSIGNMENT (( #408 ) ) ;
#928 = CARTESIAN_POINT ( 'NONE',  ( 0.7049999999999992939, 0.000000000000000000, -0.4200000000000006506 ) ) ;
#929 = ORIENTED_EDGE ( 'NONE', *, *, #793, .T. ) ;
#930 = ORIENTED_EDGE ( 'NONE', *, *, #3044, .T. ) ;
#931 = ORIENTED_EDGE ( 'NONE', *, *, #2143, .F. ) ;
#932 = LINE ( 'NONE', #591, #3059 ) ;
#933 = CARTESIAN_POINT ( 'NONE',  ( -0.3249999999999993450, -0.8323460818673934503, 0.8999999999999993561 ) ) ;
#934 = DIRECTION ( 'NONE',  ( -0.000000000000000000, -1.000000000000000000, -0.000000000000000000 ) ) ;
#935 = EDGE_CURVE ( 'NONE', #728, #720, #2489, .T. ) ;
#936 = ORIENTED_EDGE ( 'NONE', *, *, #1965, .T. ) ;
#937 = EDGE_LOOP ( 'NONE', ( #1702, #1153, #613, #459, #2304, #3057, #1685, #1247, #2006, #640 ) ) ;
#938 = ORIENTED_EDGE ( 'NONE', *, *, #506, .F. ) ;
#939 = CARTESIAN_POINT ( 'NONE',  ( -0.3249999999999995115, -0.8323460818673934503, 0.4200000000000008726 ) ) ;
#940 = CIRCLE ( 'NONE', #2850, 0.09999999999999993616 ) ;
#941 = CARTESIAN_POINT ( 'NONE',  ( 0.2249999999999997280, 0.05000000000000000278, -0.8000000000000004885 ) ) ;
#942 = ORIENTED_EDGE ( 'NONE', *, *, #1561, .F. ) ;
#943 = DIRECTION ( 'NONE',  ( -5.421010862427508365E-16, 0.000000000000000000, -1.000000000000000000 ) ) ;
#944 = FACE_OUTER_BOUND ( 'NONE', #297, .T. ) ;
#945 = LINE ( 'NONE', #2322, #1995 ) ;
#946 = DIRECTION ( 'NONE',  ( 1.936075308009831389E-16, 0.000000000000000000, -1.000000000000000000 ) ) ;
#947 = ORIENTED_EDGE ( 'NONE', *, *, #3008, .F. ) ;
#948 = EDGE_CURVE ( 'NONE', #2374, #1062, #2530, .T. ) ;
#949 = ADVANCED_FACE ( 'NONE', ( #1489 ), #3150, .F. ) ;
#950 =( NAMED_UNIT ( * ) PLANE_ANGLE_UNIT ( ) SI_UNIT ( $, .RADIAN. ) );
#951 = CLOSED_SHELL ( 'NONE', ( #329, #1299, #1472, #2080 ) ) ;
#952 = CARTESIAN_POINT ( 'NONE',  ( -0.7999999999999998224, 0.8500000000000000888, -1.000000000000000444 ) ) ;
#953 = ORIENTED_EDGE ( 'NONE', *, *, #1532, .F. ) ;
#954 = LINE ( 'NONE', #2778, #364 ) ;
#955 = VECTOR ( 'NONE', #2276, 1000.000000000000000 ) ;
#956 = ORIENTED_EDGE ( 'NONE', *, *, #896, .T. ) ;
#957 = VERTEX_POINT ( 'NONE', #1732 ) ;
#958 = ORIENTED_EDGE ( 'NONE', *, *, #812, .T. ) ;
#959 = CIRCLE ( 'NONE', #2427, 0.1000000000000002137 ) ;
#960 = CARTESIAN_POINT ( 'NONE',  ( 0.7049999999999992939, 0.1999999999999999833, 0.4200000000000006506 ) ) ;
#961 = CARTESIAN_POINT ( 'NONE',  ( -0.7999999999999998224, 0.05000000000000000278, -1.000000000000000444 ) ) ;
#962 = CARTESIAN_POINT ( 'NONE',  ( 0.6049999999999998712, 0.1999999999999999833, 0.9999999999999995559 ) ) ;
#963 = VERTEX_POINT ( 'NONE', #1967 ) ;
#964 = AXIS2_PLACEMENT_3D ( 'NONE', #2271, #2619, #2654 ) ;
#965 = PRODUCT_DEFINITION_CONTEXT ( 'detailed design', #173, 'design' ) ;
#966 = ORIENTED_EDGE ( 'NONE', *, *, #1076, .F. ) ;
#967 = ORIENTED_EDGE ( 'NONE', *, *, #2315, .F. ) ;
#968 = VECTOR ( 'NONE', #2632, 1000.000000000000000 ) ;
#969 = CARTESIAN_POINT ( 'NONE',  ( -0.6050000000000000933, 0.1999999999999999833, 0.7999999999999989342 ) ) ;
#970 = LINE ( 'NONE', #478, #1990 ) ;
#971 = EDGE_LOOP ( 'NONE', ( #3217, #1894, #1890, #2133 ) ) ;
#972 = PLANE ( 'NONE',  #570 ) ;
#973 = ORIENTED_EDGE ( 'NONE', *, *, #1881, .F. ) ;
#974 = CARTESIAN_POINT ( 'NONE',  ( -0.6049999999999994271, 0.000000000000000000, -0.9000000000000003553 ) ) ;
#975 = EDGE_CURVE ( 'NONE', #469, #2813, #362, .T. ) ;
#976 = FACE_OUTER_BOUND ( 'NONE', #206, .T. ) ;
#977 = DIRECTION ( 'NONE',  ( 0.000000000000000000, -1.000000000000000000, 0.000000000000000000 ) ) ;
#978 = ORIENTED_EDGE ( 'NONE', *, *, #1244, .F. ) ;
#979 = EDGE_CURVE ( 'NONE', #3093, #1841, #388, .T. ) ;
#980 = ORIENTED_EDGE ( 'NONE', *, *, #272, .T. ) ;
#981 = DIRECTION ( 'NONE',  ( -0.000000000000000000, 1.000000000000000000, -0.000000000000000000 ) ) ;
#982 = VECTOR ( 'NONE', #2009, 1000.000000000000000 ) ;
#983 = VECTOR ( 'NONE', #3177, 1000.000000000000000 ) ;
#984 = LINE ( 'NONE', #2962, #1933 ) ;
#985 = DIRECTION ( 'NONE',  ( 1.000000000000000000, -0.000000000000000000, 0.000000000000000000 ) ) ;
#986 = EDGE_LOOP ( 'NONE', ( #2410, #1222, #1611, #583 ) ) ;
#987 = EDGE_CURVE ( 'NONE', #158, #2753, #2533, .T. ) ;
#988 = ORIENTED_EDGE ( 'NONE', *, *, #2371, .F. ) ;
#989 = LINE ( 'NONE', #992, #983 ) ;
#990 = CARTESIAN_POINT ( 'NONE',  ( -0.3249999999999993450, 0.1999999999999999833, 0.8999999999999993561 ) ) ;
#991 = FACE_OUTER_BOUND ( 'NONE', #2893, .T. ) ;
#992 = CARTESIAN_POINT ( 'NONE',  ( 0.3249999999999996225, -0.8323460818673934503, 0.3200000000000002287 ) ) ;
#993 = EDGE_LOOP ( 'NONE', ( #652, #675, #705, #3157 ) ) ;
#994 = ORIENTED_EDGE ( 'NONE', *, *, #549, .T. ) ;
#995 = VERTEX_POINT ( 'NONE', #177 ) ;
#996 = LINE ( 'NONE', #2399, #2045 ) ;
#997 = VERTEX_POINT ( 'NONE', #1307 ) ;
#998 = DIRECTION ( 'NONE',  ( -1.426581805901980621E-16, 0.000000000000000000, -1.000000000000000000 ) ) ;
#999 = ORIENTED_EDGE ( 'NONE', *, *, #2661, .T. ) ;
#1000 = PLANE ( 'NONE',  #281 ) ;
#1001 = EDGE_CURVE ( 'NONE', #2208, #2245, #2538, .T. ) ;
#1002 = VECTOR ( 'NONE', #783, 1000.000000000000000 ) ;
#1003 = UNCERTAINTY_MEASURE_WITH_UNIT (LENGTH_MEASURE( 1.000000000000000082E-05 ), #844, 'distance_accuracy_value', 'NONE');
#1004 = EDGE_LOOP ( 'NONE', ( #1363, #3055, #3117, #2368 ) ) ;
#1005 = LINE ( 'NONE', #2529, #899 ) ;
#1006 = AXIS2_PLACEMENT_3D ( 'NONE', #2902, #183, #692 ) ;
#1007 = VERTEX_POINT ( 'NONE', #2263 ) ;
#1008 = ORIENTED_EDGE ( 'NONE', *, *, #587, .F. ) ;
#1009 = CARTESIAN_POINT ( 'NONE',  ( 0.6050000000000005373, 0.000000000000000000, -0.7999999999999998224 ) ) ;
#1010 = VECTOR ( 'NONE', #2250, 1000.000000000000000 ) ;
#1011 = MECHANICAL_DESIGN_GEOMETRIC_PRESENTATION_REPRESENTATION (  '', ( #868 ), #3211 ) ;
#1012 = DIRECTION ( 'NONE',  ( -5.421010862427508365E-16, -0.000000000000000000, 1.000000000000000000 ) ) ;
#1013 = CARTESIAN_POINT ( 'NONE',  ( 0.3249999999999997891, 0.1999999999999999833, 0.7999999999999996003 ) ) ;
#1014 = VERTEX_POINT ( 'NONE', #1516 ) ;
#1015 = FACE_OUTER_BOUND ( 'NONE', #1040, .T. ) ;
#1016 = LINE ( 'NONE', #2401, #1074 ) ;
#1017 = VERTEX_POINT ( 'NONE', #3125 ) ;
#1018 = EDGE_CURVE ( 'NONE', #720, #2813, #1493, .T. ) ;
#1019 = DIRECTION ( 'NONE',  ( 0.000000000000000000, 0.000000000000000000, -1.000000000000000000 ) ) ;
#1020 = VERTEX_POINT ( 'NONE', #773 ) ;
#1021 = ORIENTED_EDGE ( 'NONE', *, *, #1063, .F. ) ;
#1022 = CARTESIAN_POINT ( 'NONE',  ( 0.3249999999999996225, -0.8323460818673934503, 0.4200000000000009281 ) ) ;
#1023 = CARTESIAN_POINT ( 'NONE',  ( -0.6050000000000000933, 0.1999999999999999833, -0.7999999999999998224 ) ) ;
#1024 = EDGE_CURVE ( 'NONE', #1568, #2101, #2625, .T. ) ;
#1025 = LINE ( 'NONE', #960, #3193 ) ;
#1026 = ORIENTED_EDGE ( 'NONE', *, *, #2779, .F. ) ;
#1027 = ORIENTED_EDGE ( 'NONE', *, *, #1750, .F. ) ;
#1028 = DIRECTION ( 'NONE',  ( 0.000000000000000000, 0.000000000000000000, 1.000000000000000000 ) ) ;
#1029 = CIRCLE ( 'NONE', #611, 0.1000000000000001582 ) ;
#1030 = VECTOR ( 'NONE', #2148, 1000.000000000000000 ) ;
#1031 = EDGE_CURVE ( 'NONE', #3076, #1149, #536, .T. ) ;
#1032 = ORIENTED_EDGE ( 'NONE', *, *, #130, .T. ) ;
#1033 = ORIENTED_EDGE ( 'NONE', *, *, #235, .T. ) ;
#1034 = CARTESIAN_POINT ( 'NONE',  ( -0.6049999999999993161, 0.05000000000000000278, -0.4200000000000009837 ) ) ;
#1035 = VECTOR ( 'NONE', #2555, 1000.000000000000000 ) ;
#1036 = CARTESIAN_POINT ( 'NONE',  ( -0.2249999999999992839, -0.8323460818673934503, -0.8000000000000004885 ) ) ;
#1037 = DIRECTION ( 'NONE',  ( 0.000000000000000000, 0.000000000000000000, 1.000000000000000000 ) ) ;
#1038 = ADVANCED_FACE ( 'NONE', ( #2603 ), #45, .F. ) ;
#1039 = MANIFOLD_SOLID_BREP ( 'Boss-Extrude2', #951 ) ;
#1040 = EDGE_LOOP ( 'NONE', ( #39, #1193, #1355, #2297 ) ) ;
#1041 = EDGE_LOOP ( 'NONE', ( #1481, #2088, #389, #425 ) ) ;
#1042 = VECTOR ( 'NONE', #3000, 1000.000000000000000 ) ;
#1043 = DIRECTION ( 'NONE',  ( 1.000000000000000000, 0.000000000000000000, -2.282530889443173727E-15 ) ) ;
#1044 = ORIENTED_EDGE ( 'NONE', *, *, #1279, .F. ) ;
#1045 = PLANE ( 'NONE',  #2899 ) ;
#1046 = ORIENTED_EDGE ( 'NONE', *, *, #2535, .T. ) ;
#1047 = UNCERTAINTY_MEASURE_WITH_UNIT (LENGTH_MEASURE( 1.000000000000000082E-05 ), #2070, 'distance_accuracy_value', 'NONE');
#1048 = CARTESIAN_POINT ( 'NONE',  ( 0.000000000000000000, 0.8499999999999999778, 0.000000000000000000 ) ) ;
#1049 = VECTOR ( 'NONE', #247, 1000.000000000000000 ) ;
#1050 = VECTOR ( 'NONE', #1642, 1000.000000000000000 ) ;
#1051 = VERTEX_POINT ( 'NONE', #1412 ) ;
#1052 = AXIS2_PLACEMENT_3D ( 'NONE', #519, #863, #1558 ) ;
#1053 = VERTEX_POINT ( 'NONE', #2402 ) ;
#1054 = ORIENTED_EDGE ( 'NONE', *, *, #8, .F. ) ;
#1055 = VERTEX_POINT ( 'NONE', #659 ) ;
#1056 = STYLED_ITEM ( 'NONE', ( #1892 ), #436 ) ;
#1057 = DIRECTION ( 'NONE',  ( 0.000000000000000000, 0.000000000000000000, 1.000000000000000000 ) ) ;
#1058 = DIRECTION ( 'NONE',  ( 0.000000000000000000, 0.000000000000000000, -1.000000000000000000 ) ) ;
#1059 = VERTEX_POINT ( 'NONE', #1902 ) ;
#1060 = DIRECTION ( 'NONE',  ( -0.000000000000000000, 0.000000000000000000, -1.000000000000000000 ) ) ;
#1061 = CYLINDRICAL_SURFACE ( 'NONE', #260, 0.1000000000000002554 ) ;
#1062 = VERTEX_POINT ( 'NONE', #22 ) ;
#1063 = EDGE_CURVE ( 'NONE', #1315, #1020, #457, .T. ) ;
#1064 = LINE ( 'NONE', #2201, #1035 ) ;
#1065 = ORIENTED_EDGE ( 'NONE', *, *, #1791, .F. ) ;
#1066 = ADVANCED_FACE ( 'NONE', ( #2636 ), #500, .T. ) ;
#1067 = CARTESIAN_POINT ( 'NONE',  ( -0.6049999999999994271, 0.1999999999999999833, 0.3200000000000003397 ) ) ;
#1068 = CIRCLE ( 'NONE', #2334, 0.1000000000000002554 ) ;
#1069 = ORIENTED_EDGE ( 'NONE', *, *, #1677, .T. ) ;
#1070 = EDGE_CURVE ( 'NONE', #753, #2565, #479, .T. ) ;
#1071 = CARTESIAN_POINT ( 'NONE',  ( 0.6049999999999998712, 0.05000000000000000278, -1.000000000000000444 ) ) ;
#1072 = LINE ( 'NONE', #1806, #1042 ) ;
#1073 = ORIENTED_EDGE ( 'NONE', *, *, #2241, .F. ) ;
#1074 = VECTOR ( 'NONE', #2171, 1000.000000000000000 ) ;
#1075 = PLANE ( 'NONE',  #391 ) ;
#1076 = EDGE_CURVE ( 'NONE', #2266, #1923, #1539, .T. ) ;
#1077 = CYLINDRICAL_SURFACE ( 'NONE', #2168, 0.1000000000000000472 ) ;
#1078 = ORIENTED_EDGE ( 'NONE', *, *, #81, .T. ) ;
#1079 = LINE ( 'NONE', #702, #2100 ) ;
#1080 = EDGE_LOOP ( 'NONE', ( #1298, #867, #3015, #1907 ) ) ;
#1081 = DIRECTION ( 'NONE',  ( 0.000000000000000000, 0.000000000000000000, 1.000000000000000000 ) ) ;
#1082 = EDGE_CURVE ( 'NONE', #1786, #3076, #1609, .T. ) ;
#1083 = VECTOR ( 'NONE', #796, 1000.000000000000000 ) ;
#1084 = LINE ( 'NONE', #1882, #3187 ) ;
#1085 = ORIENTED_EDGE ( 'NONE', *, *, #2925, .T. ) ;
#1086 = CARTESIAN_POINT ( 'NONE',  ( 0.3249999999999996225, 0.1999999999999999833, -0.3200000000000002287 ) ) ;
#1087 = EDGE_LOOP ( 'NONE', ( #3045, #2701, #738, #2716 ) ) ;
#1088 = FACE_OUTER_BOUND ( 'NONE', #1230, .T. ) ;
#1089 = DIRECTION ( 'NONE',  ( 0.000000000000000000, 0.000000000000000000, 1.000000000000000000 ) ) ;
#1090 = LINE ( 'NONE', #1708, #2094 ) ;
#1091 = ORIENTED_EDGE ( 'NONE', *, *, #3131, .T. ) ;
#1092 = CARTESIAN_POINT ( 'NONE',  ( 0.6049999999999998712, 0.05000000000000000278, 0.8999999999999994671 ) ) ;
#1093 = VECTOR ( 'NONE', #213, 1000.000000000000000 ) ;
#1094 = VERTEX_POINT ( 'NONE', #1241 ) ;
#1095 = ADVANCED_FACE ( 'NONE', ( #1578 ), #2370, .F. ) ;
#1096 = AXIS2_PLACEMENT_3D ( 'NONE', #729, #3185, #1019 ) ;
#1097 = ORIENTED_EDGE ( 'NONE', *, *, #1689, .F. ) ;
#1098 = CARTESIAN_POINT ( 'NONE',  ( -0.6049999999999994271, 0.1999999999999999833, -0.3200000000000003397 ) ) ;
#1099 = CARTESIAN_POINT ( 'NONE',  ( 0.6049999999999993161, 0.05000000000000000278, -0.3200000000000007283 ) ) ;
#1100 = ADVANCED_FACE ( 'NONE', ( #1576 ), #2160, .F. ) ;
#1101 = VECTOR ( 'NONE', #859, 1000.000000000000000 ) ;
#1102 = EDGE_LOOP ( 'NONE', ( #633, #1471, #2839, #1008 ) ) ;
#1103 = AXIS2_PLACEMENT_3D ( 'NONE', #933, #749, #1883 ) ;
#1104 = EDGE_CURVE ( 'NONE', #1220, #2914, #473, .T. ) ;
#1105 = DIRECTION ( 'NONE',  ( -0.000000000000000000, 1.000000000000000000, -0.000000000000000000 ) ) ;
#1106 = CARTESIAN_POINT ( 'NONE',  ( -0.5499999999999998224, 0.7999999999999999334, -0.7500000000000004441 ) ) ;
#1107 = VECTOR ( 'NONE', #1168, 1000.000000000000000 ) ;
#1108 = CARTESIAN_POINT ( 'NONE',  ( -0.7049999999999992939, -0.8323460818673934503, -0.4200000000000008726 ) ) ;
#1109 = EDGE_CURVE ( 'NONE', #1062, #1899, #2655, .T. ) ;
#1110 = VERTEX_POINT ( 'NONE', #119 ) ;
#1111 = ORIENTED_EDGE ( 'NONE', *, *, #2321, .F. ) ;
#1112 = LINE ( 'NONE', #1121, #1101 ) ;
#1113 = VERTEX_POINT ( 'NONE', #2337 ) ;
#1114 = DIRECTION ( 'NONE',  ( -0.000000000000000000, 1.000000000000000000, -0.000000000000000000 ) ) ;
#1115 = LINE ( 'NONE', #1735, #1083 ) ;
#1116 = ADVANCED_FACE ( 'NONE', ( #2672 ), #518, .F. ) ;
#1117 = ORIENTED_EDGE ( 'NONE', *, *, #2096, .T. ) ;
#1118 = ORIENTED_EDGE ( 'NONE', *, *, #1988, .F. ) ;
#1119 = ADVANCED_BREP_SHAPE_REPRESENTATION ( 'SiT1602BC-71-18E-10.000000', ( #1039, #436, #590, #345, #2406, #2638, #2755 ), #2720 ) ;
#1120 = EDGE_CURVE ( 'NONE', #3135, #1131, #550, .T. ) ;
#1121 = CARTESIAN_POINT ( 'NONE',  ( -0.2249999999999992839, 0.1999999999999999833, -0.8000000000000004885 ) ) ;
#1122 = LINE ( 'NONE', #1651, #2142 ) ;
#1123 = CARTESIAN_POINT ( 'NONE',  ( 0.2249999999999997280, 0.1999999999999999833, -0.8000000000000004885 ) ) ;
#1124 = CARTESIAN_POINT ( 'NONE',  ( -0.3249999999999992895, -0.8323460818673934503, 0.3200000000000002842 ) ) ;
#1125 = CARTESIAN_POINT ( 'NONE',  ( 0.6049999999999998712, 0.1999999999999999833, 0.8999999999999994671 ) ) ;
#1126 = ORIENTED_EDGE ( 'NONE', *, *, #1428, .F. ) ;
#1127 = CARTESIAN_POINT ( 'NONE',  ( 0.6049999999999998712, 0.1999999999999999833, -0.9000000000000003553 ) ) ;
#1128 = AXIS2_PLACEMENT_3D ( 'NONE', #939, #2897, #2099 ) ;
#1129 = LINE ( 'NONE', #1572, #2085 ) ;
#1130 = CARTESIAN_POINT ( 'NONE',  ( 0.6049999999999997602, 0.05000000000000000278, 0.4200000000000008171 ) ) ;
#1131 = VERTEX_POINT ( 'NONE', #2802 ) ;
#1132 = VERTEX_POINT ( 'NONE', #619 ) ;
#1133 = AXIS2_PLACEMENT_3D ( 'NONE', #1992, #2286, #3201 ) ;
#1134 = FILL_AREA_STYLE ('',( #872 ) ) ;
#1135 = VERTEX_POINT ( 'NONE', #3078 ) ;
#1136 = VERTEX_POINT ( 'NONE', #1325 ) ;
#1137 = DIRECTION ( 'NONE',  ( 0.000000000000000000, 0.000000000000000000, 1.000000000000000000 ) ) ;
#1138 = DIRECTION ( 'NONE',  ( 0.000000000000000000, 1.000000000000000000, 0.000000000000000000 ) ) ;
#1139 = EDGE_CURVE ( 'NONE', #914, #2540, #1599, .T. ) ;
#1140 = ORIENTED_EDGE ( 'NONE', *, *, #1018, .T. ) ;
#1141 = ORIENTED_EDGE ( 'NONE', *, *, #3105, .T. ) ;
#1142 = DIRECTION ( 'NONE',  ( -1.936075308009831389E-16, 0.000000000000000000, -1.000000000000000000 ) ) ;
#1143 = EDGE_CURVE ( 'NONE', #851, #1603, #543, .T. ) ;
#1144 = CARTESIAN_POINT ( 'NONE',  ( 0.3249999999999997891, 0.000000000000000000, -0.9000000000000002442 ) ) ;
#1145 = CARTESIAN_POINT ( 'NONE',  ( 0.6049999999999993161, -0.8323460818673934503, 0.3200000000000001732 ) ) ;
#1146 = ADVANCED_FACE ( 'NONE', ( #1580 ), #2998, .F. ) ;
#1147 = CARTESIAN_POINT ( 'NONE',  ( -0.7049999999999992939, 0.1999999999999999833, -0.4200000000000008726 ) ) ;
#1148 = ORIENTED_EDGE ( 'NONE', *, *, #975, .T. ) ;
#1149 = VERTEX_POINT ( 'NONE', #2537 ) ;
#1150 = EDGE_CURVE ( 'NONE', #396, #2869, #2615, .T. ) ;
#1151 = LINE ( 'NONE', #101, #2283 ) ;
#1152 = CARTESIAN_POINT ( 'NONE',  ( 0.6049999999999997602, 0.1999999999999999833, -0.4200000000000008171 ) ) ;
#1153 = ORIENTED_EDGE ( 'NONE', *, *, #235, .F. ) ;
#1154 = ORIENTED_EDGE ( 'NONE', *, *, #2309, .F. ) ;
#1155 = CARTESIAN_POINT ( 'NONE',  ( -0.6049999999999994271, 0.1999999999999999833, -0.9000000000000003553 ) ) ;
#1156 =( NAMED_UNIT ( * ) PLANE_ANGLE_UNIT ( ) SI_UNIT ( $, .RADIAN. ) );
#1157 = CIRCLE ( 'NONE', #2646, 0.1000000000000002554 ) ;
#1158 = ORIENTED_EDGE ( 'NONE', *, *, #836, .T. ) ;
#1159 = DIRECTION ( 'NONE',  ( 5.421010862427509351E-16, 0.000000000000000000, -1.000000000000000000 ) ) ;
#1160 = CARTESIAN_POINT ( 'NONE',  ( 0.3249999999999997335, 0.1999999999999999833, -1.000000000000000444 ) ) ;
#1161 = ORIENTED_EDGE ( 'NONE', *, *, #2779, .T. ) ;
#1162 = CARTESIAN_POINT ( 'NONE',  ( -0.2249999999999993672, 0.1999999999999999833, -0.5000000000000009992 ) ) ;
#1163 = VECTOR ( 'NONE', #1997, 1000.000000000000000 ) ;
#1164 = AXIS2_PLACEMENT_3D ( 'NONE', #1331, #2029, #2766 ) ;
#1165 = EDGE_CURVE ( 'NONE', #1810, #687, #2641, .T. ) ;
#1166 = ORIENTED_EDGE ( 'NONE', *, *, #328, .T. ) ;
#1167 = ORIENTED_EDGE ( 'NONE', *, *, #1998, .F. ) ;
#1168 = DIRECTION ( 'NONE',  ( -1.000000000000000000, 0.000000000000000000, -1.936075308009831389E-16 ) ) ;
#1169 = VECTOR ( 'NONE', #2982, 1000.000000000000000 ) ;
#1170 = FILL_AREA_STYLE ('',( #2498 ) ) ;
#1171 = CARTESIAN_POINT ( 'NONE',  ( -0.6049999999999995381, 0.1999999999999999833, 0.4200000000000006506 ) ) ;
#1172 = AXIS2_PLACEMENT_3D ( 'NONE', #2165, #1256, #677 ) ;
#1173 = DIRECTION ( 'NONE',  ( 0.000000000000000000, 0.000000000000000000, 1.000000000000000000 ) ) ;
#1174 = ORIENTED_EDGE ( 'NONE', *, *, #1082, .T. ) ;
#1175 = CARTESIAN_POINT ( 'NONE',  ( 0.2249999999999998945, 0.1999999999999999833, 0.7999999999999996003 ) ) ;
#1176 = EDGE_LOOP ( 'NONE', ( #1388, #2260, #626, #48, #1219, #870, #902, #2268, #1974, #141 ) ) ;
#1177 = ADVANCED_FACE ( 'NONE', ( #1619 ), #334, .F. ) ;
#1178 = FILL_AREA_STYLE ('',( #1232 ) ) ;
#1179 = AXIS2_PLACEMENT_3D ( 'NONE', #2215, #285, #2691 ) ;
#1180 = DIRECTION ( 'NONE',  ( -0.000000000000000000, -0.000000000000000000, -1.000000000000000000 ) ) ;
#1181 = ORIENTED_EDGE ( 'NONE', *, *, #1812, .F. ) ;
#1182 = EDGE_LOOP ( 'NONE', ( #2501, #226, #1443, #3006 ) ) ;
#1183 = ORIENTED_EDGE ( 'NONE', *, *, #1993, .F. ) ;
#1184 = CARTESIAN_POINT ( 'NONE',  ( 0.6049999999999998712, 0.1999999999999999833, -1.000000000000000444 ) ) ;
#1185 = DIRECTION ( 'NONE',  ( 3.423796334164758816E-15, 0.000000000000000000, -1.000000000000000000 ) ) ;
#1186 = CYLINDRICAL_SURFACE ( 'NONE', #1313, 0.1000000000000001027 ) ;
#1187 = ORIENTED_EDGE ( 'NONE', *, *, #789, .T. ) ;
#1188 = EDGE_CURVE ( 'NONE', #668, #1059, #487, .T. ) ;
#1189 =( NAMED_UNIT ( * ) PLANE_ANGLE_UNIT ( ) SI_UNIT ( $, .RADIAN. ) );
#1190 = ORIENTED_EDGE ( 'NONE', *, *, #2405, .F. ) ;
#1191 = LINE ( 'NONE', #2604, #1254 ) ;
#1192 = EDGE_CURVE ( 'NONE', #1220, #3183, #1562, .T. ) ;
#1193 = ORIENTED_EDGE ( 'NONE', *, *, #444, .T. ) ;
#1194 = ORIENTED_EDGE ( 'NONE', *, *, #2164, .T. ) ;
#1195 = CARTESIAN_POINT ( 'NONE',  ( -0.6049999999999994271, 0.1999999999999999833, 0.9999999999999995559 ) ) ;
#1196 = ORIENTED_EDGE ( 'NONE', *, *, #595, .F. ) ;
#1197 = VECTOR ( 'NONE', #324, 1000.000000000000000 ) ;
#1198 = DIRECTION ( 'NONE',  ( 0.000000000000000000, 0.000000000000000000, -1.000000000000000000 ) ) ;
#1199 = EDGE_CURVE ( 'NONE', #824, #445, #2599, .T. ) ;
#1200 = CARTESIAN_POINT ( 'NONE',  ( -0.2249999999999992839, 0.05000000000000000278, 0.7999999999999996003 ) ) ;
#1201 = ORIENTED_EDGE ( 'NONE', *, *, #2492, .F. ) ;
#1202 = VERTEX_POINT ( 'NONE', #1342 ) ;
#1203 = ORIENTED_EDGE ( 'NONE', *, *, #332, .T. ) ;
#1204 = CIRCLE ( 'NONE', #2680, 0.1000000000000002554 ) ;
#1205 = APPLICATION_PROTOCOL_DEFINITION ( 'draft international standard', 'automotive_design', 1998, #173 ) ;
#1206 = DIRECTION ( 'NONE',  ( 0.000000000000000000, 0.000000000000000000, -1.000000000000000000 ) ) ;
#1207 = ORIENTED_EDGE ( 'NONE', *, *, #1109, .T. ) ;
#1208 = ORIENTED_EDGE ( 'NONE', *, *, #2492, .T. ) ;
#1209 = DIRECTION ( 'NONE',  ( 0.000000000000000000, 1.000000000000000000, 0.000000000000000000 ) ) ;
#1210 = CARTESIAN_POINT ( 'NONE',  ( 0.6049999999999998712, -0.8323460818673934503, -1.000000000000000444 ) ) ;
#1211 = COLOUR_RGB ( '',0.7921568627450980005, 0.8196078431372548767, 0.9333333333333333481 ) ;
#1212 = EDGE_LOOP ( 'NONE', ( #2972, #2946, #2055, #815, #184, #34, #1801, #2901, #849, #3129 ) ) ;
#1213 = PLANE ( 'NONE',  #1706 ) ;
#1214 =( NAMED_UNIT ( * ) SI_UNIT ( $, .STERADIAN. ) SOLID_ANGLE_UNIT ( ) );
#1215 = VERTEX_POINT ( 'NONE', #1802 ) ;
#1216 = ORIENTED_EDGE ( 'NONE', *, *, #2992, .F. ) ;
#1217 = SURFACE_SIDE_STYLE ('',( #2934 ) ) ;
#1218 = PRESENTATION_STYLE_ASSIGNMENT (( #651 ) ) ;
#1219 = ORIENTED_EDGE ( 'NONE', *, *, #2016, .F. ) ;
#1220 = VERTEX_POINT ( 'NONE', #2780 ) ;
#1221 = DIRECTION ( 'NONE',  ( -1.000000000000000000, 0.000000000000000000, -1.936075308009831389E-16 ) ) ;
#1222 = ORIENTED_EDGE ( 'NONE', *, *, #74, .T. ) ;
#1223 = AXIS2_PLACEMENT_3D ( 'NONE', #1379, #794, #1589 ) ;
#1224 = LINE ( 'NONE', #1783, #1169 ) ;
#1225 = DIRECTION ( 'NONE',  ( 0.000000000000000000, 0.000000000000000000, 1.000000000000000000 ) ) ;
#1226 = DIRECTION ( 'NONE',  ( 0.000000000000000000, 0.000000000000000000, 1.000000000000000000 ) ) ;
#1227 = DIRECTION ( 'NONE',  ( 0.000000000000000000, 0.000000000000000000, 1.000000000000000000 ) ) ;
#1228 = DIRECTION ( 'NONE',  ( 0.000000000000000000, -1.000000000000000000, 0.000000000000000000 ) ) ;
#1229 = VERTEX_POINT ( 'NONE', #2071 ) ;
#1230 = EDGE_LOOP ( 'NONE', ( #233, #1848, #3058, #2886, #1968, #767, #1835, #2349, #3121, #30 ) ) ;
#1231 =( GEOMETRIC_REPRESENTATION_CONTEXT ( 3 ) GLOBAL_UNCERTAINTY_ASSIGNED_CONTEXT ( ( #2159 ) ) GLOBAL_UNIT_ASSIGNED_CONTEXT ( ( #787, #1746, #2303 ) ) REPRESENTATION_CONTEXT ( 'NONE', 'WORKASPACE' ) );
#1232 = FILL_AREA_STYLE_COLOUR ( '', #1211 ) ;
#1233 = CARTESIAN_POINT ( 'NONE',  ( -0.6049999999999993161, 0.1999999999999999833, -0.4200000000000009837 ) ) ;
#1234 = VERTEX_POINT ( 'NONE', #1676 ) ;
#1235 = EDGE_LOOP ( 'NONE', ( #3041, #2491, #1436, #1367, #911, #929, #3027, #2485, #1533, #2554 ) ) ;
#1236 = ORIENTED_EDGE ( 'NONE', *, *, #3174, .T. ) ;
#1237 = CARTESIAN_POINT ( 'NONE',  ( 0.7050000000000007372, 0.1999999999999999833, -0.7999999999999998224 ) ) ;
#1238 = VECTOR ( 'NONE', #1416, 1000.000000000000000 ) ;
#1239 = VERTEX_POINT ( 'NONE', #1976 ) ;
#1240 = PLANE ( 'NONE',  #874 ) ;
#1241 = CARTESIAN_POINT ( 'NONE',  ( -0.2249999999999993672, 0.000000000000000000, -0.5000000000000009992 ) ) ;
#1242 = ORIENTED_EDGE ( 'NONE', *, *, #1532, .T. ) ;
#1243 = CARTESIAN_POINT ( 'NONE',  ( 0.6049999999999998712, 0.1999999999999999833, 0.8999999999999994671 ) ) ;
#1244 = EDGE_CURVE ( 'NONE', #1810, #1135, #1626, .T. ) ;
#1245 = VECTOR ( 'NONE', #2741, 1000.000000000000000 ) ;
#1246 = ADVANCED_FACE ( 'NONE', ( #2686 ), #2876, .F. ) ;
#1247 = ORIENTED_EDGE ( 'NONE', *, *, #1828, .F. ) ;
#1248 = CARTESIAN_POINT ( 'NONE',  ( 0.7049999999999992939, 0.1999999999999999833, -0.4200000000000006506 ) ) ;
#1249 = EDGE_CURVE ( 'NONE', #2602, #1055, #1567, .T. ) ;
#1250 = LINE ( 'NONE', #3005, #2244 ) ;
#1251 = CARTESIAN_POINT ( 'NONE',  ( -0.3249999999999993450, 0.1999999999999999833, -0.9000000000000002442 ) ) ;
#1252 = DIRECTION ( 'NONE',  ( 0.000000000000000000, -1.000000000000000000, 0.000000000000000000 ) ) ;
#1253 = ORIENTED_EDGE ( 'NONE', *, *, #1414, .T. ) ;
#1254 = VECTOR ( 'NONE', #422, 1000.000000000000000 ) ;
#1255 = EDGE_CURVE ( 'NONE', #1841, #1983, #504, .T. ) ;
#1256 = DIRECTION ( 'NONE',  ( -0.000000000000000000, 0.000000000000000000, -1.000000000000000000 ) ) ;
#1257 = ORIENTED_EDGE ( 'NONE', *, *, #1070, .F. ) ;
#1258 = DIRECTION ( 'NONE',  ( 0.000000000000000000, 0.000000000000000000, -1.000000000000000000 ) ) ;
#1259 = LINE ( 'NONE', #1830, #154 ) ;
#1260 = AXIS2_PLACEMENT_3D ( 'NONE', #2442, #689, #1930 ) ;
#1261 = ORIENTED_EDGE ( 'NONE', *, *, #587, .T. ) ;
#1262 = CARTESIAN_POINT ( 'NONE',  ( -0.3249999999999992895, 0.05000000000000000278, -1.000000000000000444 ) ) ;
#1263 = DIRECTION ( 'NONE',  ( 0.000000000000000000, 0.000000000000000000, 1.000000000000000000 ) ) ;
#1264 = AXIS2_PLACEMENT_3D ( 'NONE', #121, #1851, #335 ) ;
#1265 = DIRECTION ( 'NONE',  ( -5.421010862427508365E-16, -0.000000000000000000, 1.000000000000000000 ) ) ;
#1266 = DIRECTION ( 'NONE',  ( -1.426581805901980621E-16, -0.000000000000000000, -1.000000000000000000 ) ) ;
#1267 = EDGE_CURVE ( 'NONE', #1055, #1053, #2694, .T. ) ;
#1268 = DIRECTION ( 'NONE',  ( 1.000000000000000000, 0.000000000000000000, 2.282530889443178855E-15 ) ) ;
#1269 = EDGE_CURVE ( 'NONE', #1234, #759, #1549, .T. ) ;
#1270 = CARTESIAN_POINT ( 'NONE',  ( -0.3249999999999993450, 0.1999999999999999833, 0.8999999999999993561 ) ) ;
#1271 = EDGE_CURVE ( 'NONE', #66, #392, #2609, .T. ) ;
#1272 = CARTESIAN_POINT ( 'NONE',  ( -0.6050000000000000933, 0.1999999999999999833, 0.7999999999999989342 ) ) ;
#1273 = DIRECTION ( 'NONE',  ( -0.000000000000000000, 1.000000000000000000, -0.000000000000000000 ) ) ;
#1274 = ORIENTED_EDGE ( 'NONE', *, *, #1710, .F. ) ;
#1275 = VERTEX_POINT ( 'NONE', #1418 ) ;
#1276 = ADVANCED_FACE ( 'NONE', ( #1585 ), #1482, .F. ) ;
#1277 = CARTESIAN_POINT ( 'NONE',  ( -0.6049999999999994271, 0.1999999999999999833, 0.9999999999999995559 ) ) ;
#1278 = CARTESIAN_POINT ( 'NONE',  ( -0.5499999999999998224, 0.5171572875253804824, -0.8500000000000006439 ) ) ;
#1279 = EDGE_CURVE ( 'NONE', #687, #2170, #509, .T. ) ;
#1280 = ORIENTED_EDGE ( 'NONE', *, *, #365, .T. ) ;
#1281 = ADVANCED_FACE ( 'NONE', ( #2714 ), #454, .F. ) ;
#1282 = CARTESIAN_POINT ( 'NONE',  ( -0.6049999999999994271, 0.1999999999999999833, 0.9999999999999995559 ) ) ;
#1283 = MECHANICAL_DESIGN_GEOMETRIC_PRESENTATION_REPRESENTATION (  '', ( #2543 ), #3160 ) ;
#1284 = ORIENTED_EDGE ( 'NONE', *, *, #1104, .T. ) ;
#1285 = DIRECTION ( 'NONE',  ( 0.000000000000000000, 0.000000000000000000, -1.000000000000000000 ) ) ;
#1286 = DIRECTION ( 'NONE',  ( -0.000000000000000000, -1.000000000000000000, -0.000000000000000000 ) ) ;
#1287 = CARTESIAN_POINT ( 'NONE',  ( -0.4049999999999993605, 0.05000000000000000278, -0.3200000000000003397 ) ) ;
#1288 = ORIENTED_EDGE ( 'NONE', *, *, #3008, .T. ) ;
#1289 = AXIS2_PLACEMENT_3D ( 'NONE', #1909, #2202, #2634 ) ;
#1290 = PLANE ( 'NONE',  #730 ) ;
#1291 = ORIENTED_EDGE ( 'NONE', *, *, #1757, .T. ) ;
#1292 = DIRECTION ( 'NONE',  ( -0.000000000000000000, 1.000000000000000000, -0.000000000000000000 ) ) ;
#1293 = EDGE_CURVE ( 'NONE', #2589, #59, #1747, .T. ) ;
#1294 = DIRECTION ( 'NONE',  ( 0.000000000000000000, -1.000000000000000000, 0.000000000000000000 ) ) ;
#1295 = DIRECTION ( 'NONE',  ( -0.000000000000000000, 1.000000000000000000, -0.000000000000000000 ) ) ;
#1296 = CARTESIAN_POINT ( 'NONE',  ( -0.7050000000000000711, -0.8323460818673934503, -0.7999999999999998224 ) ) ;
#1297 = EDGE_CURVE ( 'NONE', #2872, #2167, #638, .T. ) ;
#1298 = ORIENTED_EDGE ( 'NONE', *, *, #1881, .T. ) ;
#1299 = ADVANCED_FACE ( 'NONE', ( #672 ), #1707, .T. ) ;
#1300 = ORIENTED_EDGE ( 'NONE', *, *, #180, .T. ) ;
#1301 = CARTESIAN_POINT ( 'NONE',  ( -0.6049999999999994271, 0.000000000000000000, 0.3200000000000003397 ) ) ;
#1302 = FILL_AREA_STYLE_COLOUR ( '', #2952 ) ;
#1303 = ORIENTED_EDGE ( 'NONE', *, *, #2750, .F. ) ;
#1304 = EDGE_CURVE ( 'NONE', #668, #1886, #586, .T. ) ;
#1305 = VERTEX_POINT ( 'NONE', #1655 ) ;
#1306 = CARTESIAN_POINT ( 'NONE',  ( -0.5499999999999998224, 0.7999999999999999334, -0.8500000000000006439 ) ) ;
#1307 = CARTESIAN_POINT ( 'NONE',  ( -0.5499999999999998224, 0.7999999999999999334, -0.6500000000000002442 ) ) ;
#1308 = EDGE_CURVE ( 'NONE', #167, #3183, #1703, .T. ) ;
#1309 = ORIENTED_EDGE ( 'NONE', *, *, #979, .T. ) ;
#1310 = ORIENTED_EDGE ( 'NONE', *, *, #2828, .F. ) ;
#1311 = DIRECTION ( 'NONE',  ( 0.000000000000000000, -0.000000000000000000, -1.000000000000000000 ) ) ;
#1312 = DIRECTION ( 'NONE',  ( -5.421010862427508365E-16, 0.000000000000000000, 1.000000000000000000 ) ) ;
#1313 = AXIS2_PLACEMENT_3D ( 'NONE', #2484, #1759, #2056 ) ;
#1314 = EDGE_CURVE ( 'NONE', #2794, #1094, #607, .T. ) ;
#1315 = VERTEX_POINT ( 'NONE', #1911 ) ;
#1316 = DIRECTION ( 'NONE',  ( -1.000000000000000000, -0.000000000000000000, -0.000000000000000000 ) ) ;
#1317 = VERTEX_POINT ( 'NONE', #2204 ) ;
#1318 = CARTESIAN_POINT ( 'NONE',  ( 0.2249999999999997280, 0.000000000000000000, -0.8000000000000004885 ) ) ;
#1319 = AXIS2_PLACEMENT_3D ( 'NONE', #1430, #1888, #2177 ) ;
#1320 = DIRECTION ( 'NONE',  ( -1.000000000000000000, 0.000000000000000000, 4.279745417705952464E-16 ) ) ;
#1321 = ADVANCED_FACE ( 'NONE', ( #1715 ), #972, .F. ) ;
#1322 = ORIENTED_EDGE ( 'NONE', *, *, #2535, .F. ) ;
#1323 = AXIS2_PLACEMENT_3D ( 'NONE', #1243, #264, #1058 ) ;
#1324 = CARTESIAN_POINT ( 'NONE',  ( -0.6049999999999994271, -0.8323460818673934503, -0.9000000000000003553 ) ) ;
#1325 = CARTESIAN_POINT ( 'NONE',  ( -0.7050000000000000711, 0.05000000000000000278, -0.7999999999999998224 ) ) ;
#1326 = ORIENTED_EDGE ( 'NONE', *, *, #1748, .T. ) ;
#1327 = CARTESIAN_POINT ( 'NONE',  ( 0.6049999999999998712, 0.1999999999999999833, 0.9999999999999995559 ) ) ;
#1328 = ORIENTED_EDGE ( 'NONE', *, *, #1601, .T. ) ;
#1329 = CARTESIAN_POINT ( 'NONE',  ( 0.6049999999999993161, 0.05000000000000000278, 0.3200000000000001732 ) ) ;
#1330 = EDGE_CURVE ( 'NONE', #1202, #2908, #666, .T. ) ;
#1331 = CARTESIAN_POINT ( 'NONE',  ( 0.6049999999999997602, 0.1999999999999999833, -0.4200000000000008171 ) ) ;
#1332 = DIRECTION ( 'NONE',  ( 0.000000000000000000, 0.000000000000000000, 1.000000000000000000 ) ) ;
#1333 = ORIENTED_EDGE ( 'NONE', *, *, #2447, .T. ) ;
#1334 = ORIENTED_EDGE ( 'NONE', *, *, #880, .T. ) ;
#1335 = ORIENTED_EDGE ( 'NONE', *, *, #674, .T. ) ;
#1336 = CARTESIAN_POINT ( 'NONE',  ( -0.7049999999999992939, 0.1999999999999999833, 0.4200000000000008726 ) ) ;
#1337 = DIRECTION ( 'NONE',  ( 1.000000000000000000, 0.000000000000000000, 0.000000000000000000 ) ) ;
#1338 = EDGE_CURVE ( 'NONE', #3104, #2589, #2759, .T. ) ;
#1339 = ORIENTED_EDGE ( 'NONE', *, *, #1031, .F. ) ;
#1340 = ORIENTED_EDGE ( 'NONE', *, *, #1872, .F. ) ;
#1341 = CARTESIAN_POINT ( 'NONE',  ( 0.6049999999999998712, -0.8323460818673934503, 0.8999999999999994671 ) ) ;
#1342 = CARTESIAN_POINT ( 'NONE',  ( 0.3249999999999997891, 0.1999999999999999833, 0.8999999999999993561 ) ) ;
#1343 = VERTEX_POINT ( 'NONE', #292 ) ;
#1344 = ADVANCED_FACE ( 'NONE', ( #599 ), #2768, .T. ) ;
#1345 = DIRECTION ( 'NONE',  ( 0.000000000000000000, 0.000000000000000000, 1.000000000000000000 ) ) ;
#1346 = ORIENTED_EDGE ( 'NONE', *, *, #2950, .T. ) ;
#1347 = CARTESIAN_POINT ( 'NONE',  ( -0.2249999999999992839, 0.000000000000000000, -0.8000000000000004885 ) ) ;
#1348 = ADVANCED_FACE ( 'NONE', ( #649 ), #2767, .F. ) ;
#1349 = EDGE_LOOP ( 'NONE', ( #711, #1044, #2966, #2205 ) ) ;
#1350 = CARTESIAN_POINT ( 'NONE',  ( 0.3249999999999996225, 0.000000000000000000, 0.3200000000000002287 ) ) ;
#1351 = DIRECTION ( 'NONE',  ( 1.000000000000000000, 0.000000000000000000, 0.000000000000000000 ) ) ;
#1352 = ORIENTED_EDGE ( 'NONE', *, *, #1314, .F. ) ;
#1353 = DIRECTION ( 'NONE',  ( -1.000000000000000000, 0.000000000000000000, 0.000000000000000000 ) ) ;
#1354 = AXIS2_PLACEMENT_3D ( 'NONE', #2823, #169, #2575 ) ;
#1355 = ORIENTED_EDGE ( 'NONE', *, *, #1024, .T. ) ;
#1356 = CARTESIAN_POINT ( 'NONE',  ( 0.6049999999999993161, 0.1999999999999999833, 0.3200000000000001732 ) ) ;
#1357 = CARTESIAN_POINT ( 'NONE',  ( 0.6050000000000005373, 0.1999999999999999833, 0.8999999999999992450 ) ) ;
#1358 = VERTEX_POINT ( 'NONE', #337 ) ;
#1359 = AXIS2_PLACEMENT_3D ( 'NONE', #211, #2670, #1709 ) ;
#1360 = VERTEX_POINT ( 'NONE', #2547 ) ;
#1361 = DIRECTION ( 'NONE',  ( 0.000000000000000000, 0.000000000000000000, 1.000000000000000000 ) ) ;
#1362 = DIRECTION ( 'NONE',  ( 0.000000000000000000, -1.000000000000000000, 0.000000000000000000 ) ) ;
#1363 = ORIENTED_EDGE ( 'NONE', *, *, #2190, .T. ) ;
#1364 = CARTESIAN_POINT ( 'NONE',  ( -0.2249999999999992839, 0.1999999999999999833, 0.7999999999999996003 ) ) ;
#1365 = ORIENTED_EDGE ( 'NONE', *, *, #306, .F. ) ;
#1366 = CARTESIAN_POINT ( 'NONE',  ( -0.6049999999999994271, 0.1999999999999999833, 0.8999999999999994671 ) ) ;
#1367 = ORIENTED_EDGE ( 'NONE', *, *, #1249, .T. ) ;
#1368 = ADVANCED_FACE ( 'NONE', ( #2729 ), #1045, .F. ) ;
#1369 = EDGE_CURVE ( 'NONE', #2753, #1865, #1744, .T. ) ;
#1370 = ORIENTED_EDGE ( 'NONE', *, *, #650, .T. ) ;
#1371 = VERTEX_POINT ( 'NONE', #1762 ) ;
#1372 = DIRECTION ( 'NONE',  ( -3.423796334164766704E-15, 0.000000000000000000, -1.000000000000000000 ) ) ;
#1373 = CARTESIAN_POINT ( 'NONE',  ( 0.3249999999999997891, 0.1999999999999999833, -0.9000000000000002442 ) ) ;
#1374 = CARTESIAN_POINT ( 'NONE',  ( -0.2249999999999992839, 0.1999999999999999833, 0.7999999999999996003 ) ) ;
#1375 = EDGE_CURVE ( 'NONE', #375, #2335, #2776, .T. ) ;
#1376 = ORIENTED_EDGE ( 'NONE', *, *, #2915, .T. ) ;
#1377 = DIRECTION ( 'NONE',  ( -1.000000000000000000, 0.000000000000000000, 1.936075308009831389E-16 ) ) ;
#1378 = DIRECTION ( 'NONE',  ( -1.000000000000000000, 0.000000000000000000, 0.000000000000000000 ) ) ;
#1379 = CARTESIAN_POINT ( 'NONE',  ( 0.6050000000000005373, 0.1999999999999999833, 0.7999999999999989342 ) ) ;
#1380 = ORIENTED_EDGE ( 'NONE', *, *, #1269, .F. ) ;
#1381 = CARTESIAN_POINT ( 'NONE',  ( -0.2249999999999992839, 0.1999999999999999833, 0.7999999999999996003 ) ) ;
#1382 = ORIENTED_EDGE ( 'NONE', *, *, #2378, .F. ) ;
#1383 = CARTESIAN_POINT ( 'NONE',  ( 0.6049999999999997602, -0.8323460818673934503, -0.4200000000000008171 ) ) ;
#1384 = AXIS2_PLACEMENT_3D ( 'NONE', #1108, #1043, #1673 ) ;
#1385 = EDGE_LOOP ( 'NONE', ( #1910, #1669, #480, #866 ) ) ;
#1386 = CARTESIAN_POINT ( 'NONE',  ( 0.6049999999999997602, 0.1999999999999999833, -0.3200000000000007283 ) ) ;
#1387 = CARTESIAN_POINT ( 'NONE',  ( 0.7049999999999992939, 0.05000000000000000278, -0.4200000000000006506 ) ) ;
#1388 = ORIENTED_EDGE ( 'NONE', *, *, #789, .F. ) ;
#1389 = AXIS2_PLACEMENT_3D ( 'NONE', #845, #1294, #51 ) ;
#1390 =( NAMED_UNIT ( * ) SI_UNIT ( $, .STERADIAN. ) SOLID_ANGLE_UNIT ( ) );
#1391 = ORIENTED_EDGE ( 'NONE', *, *, #1717, .T. ) ;
#1392 = DIRECTION ( 'NONE',  ( 0.000000000000000000, 0.000000000000000000, -1.000000000000000000 ) ) ;
#1393 = PLANE ( 'NONE',  #325 ) ;
#1394 = CARTESIAN_POINT ( 'NONE',  ( -0.4049999999999993605, 0.1999999999999999833, -0.3200000000000003397 ) ) ;
#1395 = EDGE_CURVE ( 'NONE', #1131, #3070, #655, .T. ) ;
#1396 = ORIENTED_EDGE ( 'NONE', *, *, #1293, .T. ) ;
#1397 = VERTEX_POINT ( 'NONE', #1741 ) ;
#1398 = CIRCLE ( 'NONE', #2173, 0.1000000000000002554 ) ;
#1399 = CARTESIAN_POINT ( 'NONE',  ( -0.7049999999999996270, 0.05000000000000000278, -0.4200000000000008726 ) ) ;
#1400 = EDGE_CURVE ( 'NONE', #134, #2928, #2708, .T. ) ;
#1401 = CARTESIAN_POINT ( 'NONE',  ( 0.3249999999999997891, 0.05000000000000000278, -0.8000000000000004885 ) ) ;
#1402 = DIRECTION ( 'NONE',  ( 0.000000000000000000, -1.000000000000000000, 0.000000000000000000 ) ) ;
#1403 = CARTESIAN_POINT ( 'NONE',  ( 0.2249999999999997835, 0.1999999999999999833, 0.4200000000000007616 ) ) ;
#1404 = DIRECTION ( 'NONE',  ( 0.000000000000000000, 0.000000000000000000, 1.000000000000000000 ) ) ;
#1405 = EDGE_CURVE ( 'NONE', #1358, #2385, #1658, .T. ) ;
#1406 = DIRECTION ( 'NONE',  ( -0.000000000000000000, -1.000000000000000000, -0.000000000000000000 ) ) ;
#1407 = ORIENTED_EDGE ( 'NONE', *, *, #2929, .T. ) ;
#1408 = CARTESIAN_POINT ( 'NONE',  ( 0.3249999999999997891, 0.1999999999999999833, -0.9000000000000002442 ) ) ;
#1409 = EDGE_LOOP ( 'NONE', ( #125, #3029, #1111, #571, #3066, #967, #531, #225, #458, #2248 ) ) ;
#1410 = PRODUCT ( 'SiT1602BC-71-18E-10.000000', 'SiT1602BC-71-18E-10.000000', '', ( #359 ) ) ;
#1411 = VERTEX_POINT ( 'NONE', #3036 ) ;
#1412 = CARTESIAN_POINT ( 'NONE',  ( -0.6049999999999994271, 0.000000000000000000, 0.9999999999999995559 ) ) ;
#1413 = CARTESIAN_POINT ( 'NONE',  ( 0.6049999999999998712, 0.000000000000000000, -1.000000000000000444 ) ) ;
#1414 = EDGE_CURVE ( 'NONE', #2540, #1229, #1725, .T. ) ;
#1415 = EDGE_LOOP ( 'NONE', ( #2022, #2057, #1704, #1174 ) ) ;
#1416 = DIRECTION ( 'NONE',  ( -1.000000000000000000, -0.000000000000000000, 0.000000000000000000 ) ) ;
#1417 = CARTESIAN_POINT ( 'NONE',  ( 0.2249999999999997280, -0.8323460818673934503, 0.7999999999999996003 ) ) ;
#1418 = CARTESIAN_POINT ( 'NONE',  ( -0.6049999999999994271, 0.05000000000000000278, 0.3200000000000006173 ) ) ;
#1419 = ORIENTED_EDGE ( 'NONE', *, *, #1598, .F. ) ;
#1420 = AXIS2_PLACEMENT_3D ( 'NONE', #1959, #2704, #2948 ) ;
#1421 = CARTESIAN_POINT ( 'NONE',  ( -0.2249999999999991729, 0.000000000000000000, 0.4200000000000008171 ) ) ;
#1422 = DIRECTION ( 'NONE',  ( 0.000000000000000000, 0.000000000000000000, 1.000000000000000000 ) ) ;
#1423 = AXIS2_PLACEMENT_3D ( 'NONE', #2262, #1964, #283 ) ;
#1424 = DIRECTION ( 'NONE',  ( 3.423796334164766704E-15, 0.000000000000000000, 1.000000000000000000 ) ) ;
#1425 = SURFACE_STYLE_USAGE ( .BOTH. , #3176 ) ;
#1426 =( LENGTH_UNIT ( ) NAMED_UNIT ( * ) SI_UNIT ( .MILLI., .METRE. ) );
#1427 = DIRECTION ( 'NONE',  ( 0.000000000000000000, 0.000000000000000000, 1.000000000000000000 ) ) ;
#1428 = EDGE_CURVE ( 'NONE', #1803, #392, #679, .T. ) ;
#1429 = DIRECTION ( 'NONE',  ( 0.000000000000000000, 0.000000000000000000, 1.000000000000000000 ) ) ;
#1430 = CARTESIAN_POINT ( 'NONE',  ( 0.6050000000000005373, 0.1999999999999999833, 0.7999999999999989342 ) ) ;
#1431 = ORIENTED_EDGE ( 'NONE', *, *, #2460, .T. ) ;
#1432 = EDGE_CURVE ( 'NONE', #3083, #2266, #2699, .T. ) ;
#1433 = DIRECTION ( 'NONE',  ( 0.000000000000000000, 0.000000000000000000, -1.000000000000000000 ) ) ;
#1434 = DIRECTION ( 'NONE',  ( -0.000000000000000000, -1.000000000000000000, -0.000000000000000000 ) ) ;
#1435 = DIRECTION ( 'NONE',  ( 0.000000000000000000, -1.000000000000000000, 0.000000000000000000 ) ) ;
#1436 = ORIENTED_EDGE ( 'NONE', *, *, #2054, .T. ) ;
#1437 = DIRECTION ( 'NONE',  ( -0.000000000000000000, -1.000000000000000000, -0.000000000000000000 ) ) ;
#1438 = FACE_OUTER_BOUND ( 'NONE', #1080, .T. ) ;
#1439 = ORIENTED_EDGE ( 'NONE', *, *, #2819, .T. ) ;
#1440 = CARTESIAN_POINT ( 'NONE',  ( 0.8000000000000002665, 4.261249694973138880, 0.9999999999999995559 ) ) ;
#1441 = DIRECTION ( 'NONE',  ( 0.000000000000000000, 1.000000000000000000, 0.000000000000000000 ) ) ;
#1442 = CIRCLE ( 'NONE', #3023, 0.1000000000000002137 ) ;
#1443 = ORIENTED_EDGE ( 'NONE', *, *, #1594, .T. ) ;
#1444 = DIRECTION ( 'NONE',  ( 3.423796334164766704E-15, 0.000000000000000000, 1.000000000000000000 ) ) ;
#1445 = AXIS2_PLACEMENT_3D ( 'NONE', #3134, #398, #417 ) ;
#1446 = CARTESIAN_POINT ( 'NONE',  ( 0.000000000000000000, 0.000000000000000000, 0.000000000000000000 ) ) ;
#1447 = VECTOR ( 'NONE', #1643, 1000.000000000000000 ) ;
#1448 = DIRECTION ( 'NONE',  ( 0.000000000000000000, 0.000000000000000000, 1.000000000000000000 ) ) ;
#1449 = DIRECTION ( 'NONE',  ( 0.000000000000000000, 0.000000000000000000, -1.000000000000000000 ) ) ;
#1450 = ORIENTED_EDGE ( 'NONE', *, *, #2556, .F. ) ;
#1451 = AXIS2_PLACEMENT_3D ( 'NONE', #286, #209, #1060 ) ;
#1452 = CIRCLE ( 'NONE', #1623, 0.1000000000000001582 ) ;
#1453 = CARTESIAN_POINT ( 'NONE',  ( -0.6049999999999994271, 0.1999999999999999833, 0.3200000000000006173 ) ) ;
#1454 = ORIENTED_EDGE ( 'NONE', *, *, #1199, .T. ) ;
#1455 = EDGE_CURVE ( 'NONE', #1712, #2589, #2803, .T. ) ;
#1456 = VECTOR ( 'NONE', #2149, 1000.000000000000000 ) ;
#1457 = DIRECTION ( 'NONE',  ( -0.000000000000000000, -1.000000000000000000, -0.000000000000000000 ) ) ;
#1458 = EDGE_CURVE ( 'NONE', #2170, #716, #2808, .T. ) ;
#1459 = DIRECTION ( 'NONE',  ( -1.000000000000000000, 0.000000000000000000, -0.000000000000000000 ) ) ;
#1460 = FACE_OUTER_BOUND ( 'NONE', #1947, .T. ) ;
#1461 = ORIENTED_EDGE ( 'NONE', *, *, #1249, .F. ) ;
#1462 = EDGE_CURVE ( 'NONE', #2101, #316, #625, .T. ) ;
#1463 = CARTESIAN_POINT ( 'NONE',  ( 0.3249999999999997891, 0.000000000000000000, -0.8000000000000004885 ) ) ;
#1464 = LINE ( 'NONE', #162, #1534 ) ;
#1465 = CARTESIAN_POINT ( 'NONE',  ( 0.6049999999999998712, 0.1999999999999999833, -0.9000000000000003553 ) ) ;
#1466 = CARTESIAN_POINT ( 'NONE',  ( -0.5499999999999998224, 0.7999999999999999334, -0.6500000000000002442 ) ) ;
#1467 = ORIENTED_EDGE ( 'NONE', *, *, #2043, .T. ) ;
#1468 = EDGE_CURVE ( 'NONE', #2335, #2360, #691, .T. ) ;
#1469 = VECTOR ( 'NONE', #2557, 1000.000000000000000 ) ;
#1470 = DIRECTION ( 'NONE',  ( 0.000000000000000000, 1.000000000000000000, 0.000000000000000000 ) ) ;
#1471 = ORIENTED_EDGE ( 'NONE', *, *, #1787, .T. ) ;
#1472 = ADVANCED_FACE ( 'NONE', ( #1751 ), #2960, .T. ) ;
#1473 = AXIS2_PLACEMENT_3D ( 'NONE', #495, #761, #13 ) ;
#1474 = FACE_OUTER_BOUND ( 'NONE', #132, .T. ) ;
#1475 = VERTEX_POINT ( 'NONE', #1387 ) ;
#1476 = DIRECTION ( 'NONE',  ( -0.000000000000000000, 1.000000000000000000, -0.000000000000000000 ) ) ;
#1477 = DIRECTION ( 'NONE',  ( 0.000000000000000000, 0.000000000000000000, 1.000000000000000000 ) ) ;
#1478 = CARTESIAN_POINT ( 'NONE',  ( 0.3249999999999997891, -0.8323460818673934503, 0.8999999999999993561 ) ) ;
#1479 = LINE ( 'NONE', #1530, #1525 ) ;
#1480 = AXIS2_PLACEMENT_3D ( 'NONE', #2841, #2154, #3202 ) ;
#1481 = ORIENTED_EDGE ( 'NONE', *, *, #311, .T. ) ;
#1482 = PLANE ( 'NONE',  #964 ) ;
#1483 = VECTOR ( 'NONE', #2499, 1000.000000000000000 ) ;
#1484 = UNCERTAINTY_MEASURE_WITH_UNIT (LENGTH_MEASURE( 1.000000000000000082E-05 ), #2021, 'distance_accuracy_value', 'NONE');
#1485 = DIRECTION ( 'NONE',  ( 0.000000000000000000, 1.000000000000000000, 0.000000000000000000 ) ) ;
#1486 = AXIS2_PLACEMENT_3D ( 'NONE', #2194, #684, #488 ) ;
#1487 = ORIENTED_EDGE ( 'NONE', *, *, #3131, .F. ) ;
#1488 = EDGE_CURVE ( 'NONE', #1501, #1506, #612, .T. ) ;
#1489 = FACE_OUTER_BOUND ( 'NONE', #2051, .T. ) ;
#1490 = CARTESIAN_POINT ( 'NONE',  ( 0.6049999999999997602, 0.05000000000000000278, -0.4200000000000008171 ) ) ;
#1491 = ORIENTED_EDGE ( 'NONE', *, *, #2562, .T. ) ;
#1492 = ADVANCED_FACE ( 'NONE', ( #567 ), #1683, .F. ) ;
#1493 = LINE ( 'NONE', #2480, #2660 ) ;
#1494 = EDGE_CURVE ( 'NONE', #1973, #293, #575, .T. ) ;
#1495 = ORIENTED_EDGE ( 'NONE', *, *, #1267, .F. ) ;
#1496 = CARTESIAN_POINT ( 'NONE',  ( -0.6049999999999994271, 0.05000000000000000278, -1.000000000000000444 ) ) ;
#1497 = CARTESIAN_POINT ( 'NONE',  ( -0.6049999999999994271, 0.1999999999999999833, -1.000000000000000444 ) ) ;
#1498 = DIRECTION ( 'NONE',  ( -1.000000000000000000, 0.000000000000000000, 0.000000000000000000 ) ) ;
#1499 = CARTESIAN_POINT ( 'NONE',  ( 0.6049999999999998712, -0.8323460818673934503, -0.9000000000000003553 ) ) ;
#1500 = FACE_OUTER_BOUND ( 'NONE', #2830, .T. ) ;
#1501 = VERTEX_POINT ( 'NONE', #1421 ) ;
#1502 = CARTESIAN_POINT ( 'NONE',  ( -0.3249999999999993450, -0.8323460818673934503, -0.9000000000000002442 ) ) ;
#1503 = DIRECTION ( 'NONE',  ( 5.421010862427508365E-16, 0.000000000000000000, -1.000000000000000000 ) ) ;
#1504 = CIRCLE ( 'NONE', #2455, 0.09999999999999993616 ) ;
#1505 = CARTESIAN_POINT ( 'NONE',  ( 0.3249999999999997891, 0.000000000000000000, 0.7999999999999996003 ) ) ;
#1506 = VERTEX_POINT ( 'NONE', #1859 ) ;
#1507 = EDGE_CURVE ( 'NONE', #2805, #2678, #2743, .T. ) ;
#1508 = LINE ( 'NONE', #2093, #2522 ) ;
#1509 = DIRECTION ( 'NONE',  ( -1.000000000000000000, 0.000000000000000000, 1.936075308009828431E-16 ) ) ;
#1510 = SURFACE_SIDE_STYLE ('',( #833 ) ) ;
#1511 = ORIENTED_EDGE ( 'NONE', *, *, #1853, .T. ) ;
#1512 = AXIS2_PLACEMENT_3D ( 'NONE', #419, #1228, #2927 ) ;
#1513 = FACE_OUTER_BOUND ( 'NONE', #64, .T. ) ;
#1514 = ORIENTED_EDGE ( 'NONE', *, *, #243, .F. ) ;
#1515 = CARTESIAN_POINT ( 'NONE',  ( -0.3249999999999993450, 0.1999999999999999833, -0.8000000000000004885 ) ) ;
#1516 = CARTESIAN_POINT ( 'NONE',  ( -0.3249999999999993450, 0.000000000000000000, 0.8999999999999993561 ) ) ;
#1517 = ADVANCED_FACE ( 'NONE', ( #618 ), #2752, .F. ) ;
#1518 = AXIS2_PLACEMENT_3D ( 'NONE', #2650, #2440, #2923 ) ;
#1519 = DIRECTION ( 'NONE',  ( -0.000000000000000000, -1.000000000000000000, -0.000000000000000000 ) ) ;
#1520 = VECTOR ( 'NONE', #65, 1000.000000000000000 ) ;
#1521 = ORIENTED_EDGE ( 'NONE', *, *, #2096, .F. ) ;
#1522 = DIRECTION ( 'NONE',  ( 0.000000000000000000, -1.000000000000000000, 0.000000000000000000 ) ) ;
#1523 = EDGE_CURVE ( 'NONE', #2805, #1960, #631, .T. ) ;
#1524 = CARTESIAN_POINT ( 'NONE',  ( 0.6049999999999997602, -0.8323460818673934503, 0.4200000000000008171 ) ) ;
#1525 = VECTOR ( 'NONE', #584, 1000.000000000000000 ) ;
#1526 = DIRECTION ( 'NONE',  ( -0.000000000000000000, 1.000000000000000000, 0.000000000000000000 ) ) ;
#1527 = ORIENTED_EDGE ( 'NONE', *, *, #2464, .T. ) ;
#1528 = EDGE_CURVE ( 'NONE', #2037, #2369, #1700, .T. ) ;
#1529 = LINE ( 'NONE', #1581, #2588 ) ;
#1530 = CARTESIAN_POINT ( 'NONE',  ( 0.3249999999999997891, 0.000000000000000000, 0.8999999999999993561 ) ) ;
#1531 = ORIENTED_EDGE ( 'NONE', *, *, #1018, .F. ) ;
#1532 = EDGE_CURVE ( 'NONE', #1886, #608, #835, .T. ) ;
#1533 = ORIENTED_EDGE ( 'NONE', *, *, #1269, .T. ) ;
#1534 = VECTOR ( 'NONE', #559, 1000.000000000000000 ) ;
#1535 = ORIENTED_EDGE ( 'NONE', *, *, #880, .F. ) ;
#1536 = CARTESIAN_POINT ( 'NONE',  ( -0.7999999999999998224, 0.8500000000000000888, 0.9999999999999995559 ) ) ;
#1537 = PLANE ( 'NONE',  #2804 ) ;
#1538 = CARTESIAN_POINT ( 'NONE',  ( 0.7049999999999992939, -0.8323460818673934503, -0.4200000000000006506 ) ) ;
#1539 = LINE ( 'NONE', #961, #461 ) ;
#1540 = ORIENTED_EDGE ( 'NONE', *, *, #3030, .T. ) ;
#1541 = ADVANCED_FACE ( 'NONE', ( #898 ), #2377, .F. ) ;
#1542 = CARTESIAN_POINT ( 'NONE',  ( 0.6049999999999997602, 0.1999999999999999833, -0.4200000000000008171 ) ) ;
#1543 = DIRECTION ( 'NONE',  ( 0.000000000000000000, 0.000000000000000000, 1.000000000000000000 ) ) ;
#1544 = EDGE_CURVE ( 'NONE', #85, #851, #3032, .T. ) ;
#1545 = VECTOR ( 'NONE', #147, 1000.000000000000000 ) ;
#1546 = ORIENTED_EDGE ( 'NONE', *, *, #227, .F. ) ;
#1547 = CARTESIAN_POINT ( 'NONE',  ( -0.7049999999999992939, -0.8323460818673934503, 0.4200000000000008726 ) ) ;
#1548 = EDGE_LOOP ( 'NONE', ( #1827, #788, #2272, #1831 ) ) ;
#1549 = CIRCLE ( 'NONE', #2452, 0.1000000000000002554 ) ;
#1550 = STYLED_ITEM ( 'NONE', ( #927 ), #2638 ) ;
#1551 = ORIENTED_EDGE ( 'NONE', *, *, #243, .T. ) ;
#1552 = SURFACE_STYLE_USAGE ( .BOTH. , #1510 ) ;
#1553 = ORIENTED_EDGE ( 'NONE', *, *, #361, .T. ) ;
#1554 = ORIENTED_EDGE ( 'NONE', *, *, #935, .F. ) ;
#1555 = AXIS2_PLACEMENT_3D ( 'NONE', #1515, #721, #2284 ) ;
#1556 = ORIENTED_EDGE ( 'NONE', *, *, #1951, .F. ) ;
#1557 = DIRECTION ( 'NONE',  ( -1.000000000000000000, 0.000000000000000000, 1.936075308009828184E-16 ) ) ;
#1558 = DIRECTION ( 'NONE',  ( 0.000000000000000000, 0.000000000000000000, 1.000000000000000000 ) ) ;
#1559 = DIRECTION ( 'NONE',  ( -0.000000000000000000, -1.000000000000000000, -0.000000000000000000 ) ) ;
#1560 = ORIENTED_EDGE ( 'NONE', *, *, #1916, .T. ) ;
#1561 = EDGE_CURVE ( 'NONE', #1229, #1132, #1970, .T. ) ;
#1562 = LINE ( 'NONE', #320, #2682 ) ;
#1563 = CLOSED_SHELL ( 'NONE', ( #309, #2816, #35, #2849, #2516, #1956, #1038, #1767, #949, #2955, #287, #823 ) ) ;
#1564 = DIRECTION ( 'NONE',  ( -5.421010862427508365E-16, -0.000000000000000000, -1.000000000000000000 ) ) ;
#1565 = DIRECTION ( 'NONE',  ( -2.282530889443173727E-15, 0.000000000000000000, -1.000000000000000000 ) ) ;
#1566 = ADVANCED_FACE ( 'NONE', ( #925 ), #378, .F. ) ;
#1567 = LINE ( 'NONE', #2224, #556 ) ;
#1568 = VERTEX_POINT ( 'NONE', #189 ) ;
#1569 = DIRECTION ( 'NONE',  ( 0.000000000000000000, 1.000000000000000000, 0.000000000000000000 ) ) ;
#1570 = EDGE_CURVE ( 'NONE', #1055, #2037, #1977, .T. ) ;
#1571 = SURFACE_STYLE_FILL_AREA ( #1754 ) ;
#1572 = CARTESIAN_POINT ( 'NONE',  ( -0.6049999999999994271, -0.8323460818673934503, 0.9999999999999995559 ) ) ;
#1573 =( NAMED_UNIT ( * ) SI_UNIT ( $, .STERADIAN. ) SOLID_ANGLE_UNIT ( ) );
#1574 = DIRECTION ( 'NONE',  ( -0.000000000000000000, -1.000000000000000000, -0.000000000000000000 ) ) ;
#1575 = DIRECTION ( 'NONE',  ( 0.000000000000000000, 0.000000000000000000, -1.000000000000000000 ) ) ;
#1576 = FACE_OUTER_BOUND ( 'NONE', #2229, .T. ) ;
#1577 = DIRECTION ( 'NONE',  ( -0.000000000000000000, 1.000000000000000000, -0.000000000000000000 ) ) ;
#1578 = FACE_OUTER_BOUND ( 'NONE', #1825, .T. ) ;
#1579 = AXIS2_PLACEMENT_3D ( 'NONE', #3037, #1596, #1860 ) ;
#1580 = FACE_OUTER_BOUND ( 'NONE', #98, .T. ) ;
#1581 = CARTESIAN_POINT ( 'NONE',  ( -0.7049999999999992939, 0.05000000000000000278, -0.4200000000000008726 ) ) ;
#1582 = VECTOR ( 'NONE', #418, 1000.000000000000000 ) ;
#1583 = ADVANCED_FACE ( 'NONE', ( #2652 ), #653, .F. ) ;
#1584 = AXIS2_PLACEMENT_3D ( 'NONE', #2994, #2711, #1081 ) ;
#1585 = FACE_OUTER_BOUND ( 'NONE', #1548, .T. ) ;
#1586 = PLANE ( 'NONE',  #343 ) ;
#1587 = DIRECTION ( 'NONE',  ( -0.000000000000000000, -1.000000000000000000, -0.000000000000000000 ) ) ;
#1588 = LINE ( 'NONE', #1200, #2731 ) ;
#1589 = DIRECTION ( 'NONE',  ( 0.000000000000000000, 0.000000000000000000, 1.000000000000000000 ) ) ;
#1590 = PLANE ( 'NONE',  #1264 ) ;
#1591 = EDGE_CURVE ( 'NONE', #811, #963, #596, .T. ) ;
#1592 = VECTOR ( 'NONE', #943, 1000.000000000000000 ) ;
#1593 = CARTESIAN_POINT ( 'NONE',  ( -0.3249999999999993450, 0.000000000000000000, -0.8000000000000004885 ) ) ;
#1594 = EDGE_CURVE ( 'NONE', #3083, #263, #614, .T. ) ;
#1595 = CARTESIAN_POINT ( 'NONE',  ( -0.2249999999999991729, -0.8323460818673934503, 0.4200000000000008171 ) ) ;
#1596 = DIRECTION ( 'NONE',  ( -1.000000000000000000, 0.000000000000000000, 1.426581805901980621E-16 ) ) ;
#1597 = CYLINDRICAL_SURFACE ( 'NONE', #2352, 0.1000000000000001582 ) ;
#1598 = EDGE_CURVE ( 'NONE', #1780, #1475, #1654, .T. ) ;
#1599 = LINE ( 'NONE', #887, #1545 ) ;
#1600 = LINE ( 'NONE', #2105, #1612 ) ;
#1601 = EDGE_CURVE ( 'NONE', #396, #1603, #527, .T. ) ;
#1602 = CARTESIAN_POINT ( 'NONE',  ( 0.3249999999999997891, 0.1999999999999999833, 0.8999999999999993561 ) ) ;
#1603 = VERTEX_POINT ( 'NONE', #1453 ) ;
#1604 = DIRECTION ( 'NONE',  ( 0.000000000000000000, -1.000000000000000000, 0.000000000000000000 ) ) ;
#1605 = FACE_OUTER_BOUND ( 'NONE', #1041, .T. ) ;
#1606 = ADVANCED_FACE ( 'NONE', ( #2710 ), #1597, .F. ) ;
#1607 = CARTESIAN_POINT ( 'NONE',  ( 0.3249999999999997891, 0.1999999999999999833, -0.9000000000000002442 ) ) ;
#1608 = DIRECTION ( 'NONE',  ( 0.000000000000000000, 0.000000000000000000, 1.000000000000000000 ) ) ;
#1609 = CIRCLE ( 'NONE', #2624, 0.1000000000000002137 ) ;
#1610 = AXIS2_PLACEMENT_3D ( 'NONE', #3028, #1559, #24 ) ;
#1611 = ORIENTED_EDGE ( 'NONE', *, *, #232, .T. ) ;
#1612 = VECTOR ( 'NONE', #2161, 1000.000000000000000 ) ;
#1613 = CARTESIAN_POINT ( 'NONE',  ( 0.2249999999999997280, -0.8323460818673934503, -0.8000000000000004885 ) ) ;
#1614 = VECTOR ( 'NONE', #2692, 1000.000000000000000 ) ;
#1615 = AXIS2_PLACEMENT_3D ( 'NONE', #493, #755, #1939 ) ;
#1616 = DIRECTION ( 'NONE',  ( 0.000000000000000000, -1.000000000000000000, 0.000000000000000000 ) ) ;
#1617 = ORIENTED_EDGE ( 'NONE', *, *, #535, .F. ) ;
#1618 = FACE_OUTER_BOUND ( 'NONE', #2745, .T. ) ;
#1619 = FACE_OUTER_BOUND ( 'NONE', #937, .T. ) ;
#1620 = PLANE ( 'NONE',  #171 ) ;
#1621 = DIRECTION ( 'NONE',  ( -0.000000000000000000, 1.000000000000000000, -0.000000000000000000 ) ) ;
#1622 = FILL_AREA_STYLE_COLOUR ( '', #1846 ) ;
#1623 = AXIS2_PLACEMENT_3D ( 'NONE', #542, #1587, #2574 ) ;
#1624 = ORIENTED_EDGE ( 'NONE', *, *, #1188, .T. ) ;
#1625 = FACE_OUTER_BOUND ( 'NONE', #2354, .T. ) ;
#1626 = LINE ( 'NONE', #2462, #2620 ) ;
#1627 = PLANE ( 'NONE',  #2122 ) ;
#1628 = EDGE_CURVE ( 'NONE', #1020, #1475, #1631, .T. ) ;
#1629 = ORIENTED_EDGE ( 'NONE', *, *, #1395, .F. ) ;
#1630 = UNCERTAINTY_MEASURE_WITH_UNIT (LENGTH_MEASURE( 1.000000000000000082E-05 ), #2116, 'distance_accuracy_value', 'NONE');
#1631 = LINE ( 'NONE', #155, #1686 ) ;
#1632 = CARTESIAN_POINT ( 'NONE',  ( 0.3249999999999997891, 0.1999999999999999833, -0.8000000000000004885 ) ) ;
#1633 = DIRECTION ( 'NONE',  ( -0.000000000000000000, -1.000000000000000000, -0.000000000000000000 ) ) ;
#1634 = VECTOR ( 'NONE', #93, 1000.000000000000000 ) ;
#1635 = EDGE_LOOP ( 'NONE', ( #1253, #2606, #463, #1999, #71, #58, #2217, #2038, #1553, #1739, #3115, #1261 ) ) ;
#1636 = LINE ( 'NONE', #2463, #609 ) ;
#1637 = ADVANCED_FACE ( 'NONE', ( #1605 ), #2668, .F. ) ;
#1638 = VECTOR ( 'NONE', #1661, 1000.000000000000000 ) ;
#1639 = CARTESIAN_POINT ( 'NONE',  ( -0.6049999999999994271, -0.8323460818673934503, -0.3200000000000003397 ) ) ;
#1640 = EDGE_LOOP ( 'NONE', ( #26, #620, #2288, #700 ) ) ;
#1641 = LINE ( 'NONE', #573, #588 ) ;
#1642 = DIRECTION ( 'NONE',  ( -0.000000000000000000, 1.000000000000000000, -0.000000000000000000 ) ) ;
#1643 = DIRECTION ( 'NONE',  ( -0.000000000000000000, 1.000000000000000000, -0.000000000000000000 ) ) ;
#1644 = CARTESIAN_POINT ( 'NONE',  ( -0.3249999999999993450, 0.1999999999999999833, 0.8999999999999993561 ) ) ;
#1645 = ORIENTED_EDGE ( 'NONE', *, *, #2590, .F. ) ;
#1646 = VECTOR ( 'NONE', #1295, 1000.000000000000000 ) ;
#1647 = CARTESIAN_POINT ( 'NONE',  ( 0.6049999999999993161, 0.1999999999999999833, -0.3200000000000001732 ) ) ;
#1648 =( GEOMETRIC_REPRESENTATION_CONTEXT ( 3 ) GLOBAL_UNCERTAINTY_ASSIGNED_CONTEXT ( ( #1003 ) ) GLOBAL_UNIT_ASSIGNED_CONTEXT ( ( #844, #673, #377 ) ) REPRESENTATION_CONTEXT ( 'NONE', 'WORKASPACE' ) );
#1649 = EDGE_CURVE ( 'NONE', #995, #44, #1588, .T. ) ;
#1650 = VECTOR ( 'NONE', #224, 1000.000000000000000 ) ;
#1651 = CARTESIAN_POINT ( 'NONE',  ( 0.3249999999999997891, 0.05000000000000000278, -0.9000000000000002442 ) ) ;
#1652 = ORIENTED_EDGE ( 'NONE', *, *, #1395, .T. ) ;
#1653 = CARTESIAN_POINT ( 'NONE',  ( 0.6050000000000005373, 0.000000000000000000, 0.7999999999999989342 ) ) ;
#1654 = LINE ( 'NONE', #2435, #2717 ) ;
#1655 = CARTESIAN_POINT ( 'NONE',  ( -0.6049999999999994271, 0.1999999999999999833, -1.000000000000000444 ) ) ;
#1656 = DIRECTION ( 'NONE',  ( 5.421010862427508365E-16, 0.000000000000000000, 1.000000000000000000 ) ) ;
#1657 = CARTESIAN_POINT ( 'NONE',  ( 0.3249999999999997335, 0.000000000000000000, -1.000000000000000444 ) ) ;
#1658 = LINE ( 'NONE', #129, #1680 ) ;
#1659 = VECTOR ( 'NONE', #2560, 1000.000000000000000 ) ;
#1660 = AXIS2_PLACEMENT_3D ( 'NONE', #2121, #2838, #330 ) ;
#1661 = DIRECTION ( 'NONE',  ( -0.000000000000000000, 1.000000000000000000, -0.000000000000000000 ) ) ;
#1662 = VECTOR ( 'NONE', #2926, 1000.000000000000000 ) ;
#1663 = VERTEX_POINT ( 'NONE', #2622 ) ;
#1664 = LINE ( 'NONE', #149, #2679 ) ;
#1665 = ADVANCED_FACE ( 'NONE', ( #2644 ), #647, .F. ) ;
#1666 = EDGE_CURVE ( 'NONE', #316, #2252, #520, .T. ) ;
#1667 = VECTOR ( 'NONE', #273, 1000.000000000000000 ) ;
#1668 = DIRECTION ( 'NONE',  ( -1.000000000000000000, 0.000000000000000000, 0.000000000000000000 ) ) ;
#1669 = ORIENTED_EDGE ( 'NONE', *, *, #2267, .T. ) ;
#1670 = LINE ( 'NONE', #597, #1582 ) ;
#1671 = DIRECTION ( 'NONE',  ( 0.000000000000000000, -1.000000000000000000, 0.000000000000000000 ) ) ;
#1672 = EDGE_CURVE ( 'NONE', #2379, #409, #2647, .T. ) ;
#1673 = DIRECTION ( 'NONE',  ( -2.282530889443173727E-15, 0.000000000000000000, -1.000000000000000000 ) ) ;
#1674 = CARTESIAN_POINT ( 'NONE',  ( -0.7049999999999992939, 0.1999999999999999833, 0.4200000000000008726 ) ) ;
#1675 = LINE ( 'NONE', #1465, #2696 ) ;
#1676 = CARTESIAN_POINT ( 'NONE',  ( -0.6049999999999994271, 0.1999999999999999833, -0.3200000000000003397 ) ) ;
#1677 = EDGE_CURVE ( 'NONE', #687, #2013, #552, .T. ) ;
#1678 = CARTESIAN_POINT ( 'NONE',  ( -0.3249999999999992895, 0.000000000000000000, -1.000000000000000444 ) ) ;
#1679 = CARTESIAN_POINT ( 'NONE',  ( -0.4049999999999993605, 0.000000000000000000, -0.3200000000000003397 ) ) ;
#1680 = VECTOR ( 'NONE', #2357, 1000.000000000000000 ) ;
#1681 = ORIENTED_EDGE ( 'NONE', *, *, #2378, .T. ) ;
#1682 = DIRECTION ( 'NONE',  ( 2.282530889443178855E-15, 0.000000000000000000, -1.000000000000000000 ) ) ;
#1683 = CYLINDRICAL_SURFACE ( 'NONE', #864, 0.1000000000000002554 ) ;
#1684 = DIRECTION ( 'NONE',  ( -0.000000000000000000, -1.000000000000000000, -0.000000000000000000 ) ) ;
#1685 = ORIENTED_EDGE ( 'NONE', *, *, #836, .F. ) ;
#1686 = VECTOR ( 'NONE', #360, 1000.000000000000000 ) ;
#1687 = DIRECTION ( 'NONE',  ( 0.000000000000000000, 0.000000000000000000, 1.000000000000000000 ) ) ;
#1688 = AXIS2_PLACEMENT_3D ( 'NONE', #1130, #3140, #921 ) ;
#1689 = EDGE_CURVE ( 'NONE', #409, #811, #2659, .T. ) ;
#1690 = PLANE ( 'NONE',  #919 ) ;
#1691 = ORIENTED_EDGE ( 'NONE', *, *, #1432, .T. ) ;
#1692 = FACE_OUTER_BOUND ( 'NONE', #1182, .T. ) ;
#1693 = DIRECTION ( 'NONE',  ( -0.000000000000000000, -1.000000000000000000, -0.000000000000000000 ) ) ;
#1694 = VECTOR ( 'NONE', #1577, 1000.000000000000000 ) ;
#1695 = AXIS2_PLACEMENT_3D ( 'NONE', #1505, #1485, #3189 ) ;
#1696 = ORIENTED_EDGE ( 'NONE', *, *, #2061, .F. ) ;
#1697 = VECTOR ( 'NONE', #1720, 1000.000000000000000 ) ;
#1698 = CARTESIAN_POINT ( 'NONE',  ( -0.7049999999999992939, 0.05000000000000000278, 0.4200000000000008726 ) ) ;
#1699 = PLANE ( 'NONE',  #1816 ) ;
#1700 = CIRCLE ( 'NONE', #160, 0.09999999999999993616 ) ;
#1701 = AXIS2_PLACEMENT_3D ( 'NONE', #1653, #2409, #3158 ) ;
#1702 = ORIENTED_EDGE ( 'NONE', *, *, #2703, .F. ) ;
#1703 = LINE ( 'NONE', #1698, #2787 ) ;
#1704 = ORIENTED_EDGE ( 'NONE', *, *, #153, .T. ) ;
#1705 = FACE_OUTER_BOUND ( 'NONE', #1850, .T. ) ;
#1706 = AXIS2_PLACEMENT_3D ( 'NONE', #242, #1901, #1159 ) ;
#1707 = CYLINDRICAL_SURFACE ( 'NONE', #1445, 0.1000000000000001582 ) ;
#1708 = CARTESIAN_POINT ( 'NONE',  ( -0.7999999999999998224, 0.8500000000000000888, 0.9999999999999995559 ) ) ;
#1709 = DIRECTION ( 'NONE',  ( 1.000000000000000000, 0.000000000000000000, 0.000000000000000000 ) ) ;
#1710 = EDGE_CURVE ( 'NONE', #2245, #3173, #1600, .T. ) ;
#1711 = ADVANCED_FACE ( 'NONE', ( #2675 ), #2825, .F. ) ;
#1712 = VERTEX_POINT ( 'NONE', #2878 ) ;
#1713 = LINE ( 'NONE', #1647, #676 ) ;
#1714 = CARTESIAN_POINT ( 'NONE',  ( -0.5499999999999998224, 0.7999999999999999334, -0.8500000000000006439 ) ) ;
#1715 = FACE_OUTER_BOUND ( 'NONE', #2436, .T. ) ;
#1716 = VERTEX_POINT ( 'NONE', #3163 ) ;
#1717 = EDGE_CURVE ( 'NONE', #1865, #291, #539, .T. ) ;
#1718 = VECTOR ( 'NONE', #2034, 1000.000000000000000 ) ;
#1719 = DIRECTION ( 'NONE',  ( -0.000000000000000000, -1.000000000000000000, -0.000000000000000000 ) ) ;
#1720 = DIRECTION ( 'NONE',  ( -0.7071067811865463515, 0.000000000000000000, 0.7071067811865487940 ) ) ;
#1721 = PLANE ( 'NONE',  #2932 ) ;
#1722 = VECTOR ( 'NONE', #2111, 1000.000000000000000 ) ;
#1723 = ORIENTED_EDGE ( 'NONE', *, *, #681, .T. ) ;
#1724 = VECTOR ( 'NONE', #1840, 1000.000000000000000 ) ;
#1725 = LINE ( 'NONE', #2742, #2735 ) ;
#1726 = ORIENTED_EDGE ( 'NONE', *, *, #629, .T. ) ;
#1727 = CYLINDRICAL_SURFACE ( 'NONE', #2300, 0.1000000000000002554 ) ;
#1728 = AXIS2_PLACEMENT_3D ( 'NONE', #2789, #3092, #2343 ) ;
#1729 = VECTOR ( 'NONE', #2508, 1000.000000000000000 ) ;
#1730 = CARTESIAN_POINT ( 'NONE',  ( -0.4049999999999993605, 0.1999999999999999833, -0.3200000000000003397 ) ) ;
#1731 = CARTESIAN_POINT ( 'NONE',  ( 0.7050000000000007372, -0.8323460818673934503, -0.7999999999999998224 ) ) ;
#1732 = CARTESIAN_POINT ( 'NONE',  ( 0.2249999999999998945, 0.1999999999999999833, 0.7999999999999996003 ) ) ;
#1733 = ORIENTED_EDGE ( 'NONE', *, *, #2046, .F. ) ;
#1734 = VECTOR ( 'NONE', #900, 1000.000000000000000 ) ;
#1735 = CARTESIAN_POINT ( 'NONE',  ( 0.6049999999999998712, 0.1999999999999999833, -1.000000000000000444 ) ) ;
#1736 = AXIS2_PLACEMENT_3D ( 'NONE', #482, #654, #678 ) ;
#1737 = ADVANCED_FACE ( 'NONE', ( #1618 ), #2389, .F. ) ;
#1738 = CARTESIAN_POINT ( 'NONE',  ( 0.2249999999999997280, 0.05000000000000000278, 0.7999999999999996003 ) ) ;
#1739 = ORIENTED_EDGE ( 'NONE', *, *, #2361, .F. ) ;
#1740 = LINE ( 'NONE', #390, #1755 ) ;
#1741 = CARTESIAN_POINT ( 'NONE',  ( -0.2249999999999993672, 0.05000000000000000278, -0.5000000000000009992 ) ) ;
#1742 = CARTESIAN_POINT ( 'NONE',  ( 0.2249999999999997280, 0.1999999999999999833, -0.8000000000000004885 ) ) ;
#1743 = AXIS2_PLACEMENT_3D ( 'NONE', #1796, #344, #2123 ) ;
#1744 = LINE ( 'NONE', #2786, #644 ) ;
#1745 = CARTESIAN_POINT ( 'NONE',  ( 0.3249999999999997891, 0.1999999999999999833, 0.8999999999999993561 ) ) ;
#1746 =( NAMED_UNIT ( * ) PLANE_ANGLE_UNIT ( ) SI_UNIT ( $, .RADIAN. ) );
#1747 = LINE ( 'NONE', #941, #2796 ) ;
#1748 = EDGE_CURVE ( 'NONE', #1568, #1501, #1664, .T. ) ;
#1749 = CYLINDRICAL_SURFACE ( 'NONE', #68, 0.1000000000000002137 ) ;
#1750 = EDGE_CURVE ( 'NONE', #392, #2203, #1641, .T. ) ;
#1751 = FACE_OUTER_BOUND ( 'NONE', #751, .T. ) ;
#1752 = DIRECTION ( 'NONE',  ( 0.000000000000000000, -1.000000000000000000, 0.000000000000000000 ) ) ;
#1753 = CARTESIAN_POINT ( 'NONE',  ( 0.6049999999999993161, 0.1999999999999999833, 0.3200000000000001732 ) ) ;
#1754 = FILL_AREA_STYLE ('',( #386 ) ) ;
#1755 = VECTOR ( 'NONE', #1864, 1000.000000000000000 ) ;
#1756 = PLANE ( 'NONE',  #2247 ) ;
#1757 = EDGE_CURVE ( 'NONE', #2810, #44, #602, .T. ) ;
#1758 = VECTOR ( 'NONE', #2551, 1000.000000000000000 ) ;
#1759 = DIRECTION ( 'NONE',  ( -0.000000000000000000, -1.000000000000000000, -0.000000000000000000 ) ) ;
#1760 = ORIENTED_EDGE ( 'NONE', *, *, #306, .T. ) ;
#1761 = CIRCLE ( 'NONE', #1777, 0.1000000000000001582 ) ;
#1762 = CARTESIAN_POINT ( 'NONE',  ( 0.6049999999999993161, 0.000000000000000000, 0.3200000000000007283 ) ) ;
#1763 = DIRECTION ( 'NONE',  ( 1.000000000000000000, -0.000000000000000000, -0.000000000000000000 ) ) ;
#1764 = DIRECTION ( 'NONE',  ( 0.000000000000000000, -1.000000000000000000, 0.000000000000000000 ) ) ;
#1765 = VECTOR ( 'NONE', #1337, 1000.000000000000000 ) ;
#1766 = EDGE_CURVE ( 'NONE', #2794, #2240, #1670, .T. ) ;
#1767 = ADVANCED_FACE ( 'NONE', ( #1625 ), #1590, .F. ) ;
#1768 = ORIENTED_EDGE ( 'NONE', *, *, #272, .F. ) ;
#1769 = LINE ( 'NONE', #879, #1724 ) ;
#1770 = ORIENTED_EDGE ( 'NONE', *, *, #987, .T. ) ;
#1771 = CARTESIAN_POINT ( 'NONE',  ( 0.3249999999999996225, 0.1999999999999999833, -0.3200000000000002287 ) ) ;
#1772 = PRESENTATION_LAYER_ASSIGNMENT (  '', '', ( #1550 ) ) ;
#1773 = ORIENTED_EDGE ( 'NONE', *, *, #2666, .T. ) ;
#1774 = LINE ( 'NONE', #2487, #2861 ) ;
#1775 = ORIENTED_EDGE ( 'NONE', *, *, #54, .T. ) ;
#1776 = SURFACE_SIDE_STYLE ('',( #3046 ) ) ;
#1777 = AXIS2_PLACEMENT_3D ( 'NONE', #2593, #3153, #1427 ) ;
#1778 = ORIENTED_EDGE ( 'NONE', *, *, #2054, .F. ) ;
#1779 = CIRCLE ( 'NONE', #191, 0.09999999999999993616 ) ;
#1780 = VERTEX_POINT ( 'NONE', #2134 ) ;
#1781 = DIRECTION ( 'NONE',  ( 0.000000000000000000, 0.000000000000000000, -1.000000000000000000 ) ) ;
#1782 = CARTESIAN_POINT ( 'NONE',  ( -0.7999999999999998224, 4.261249694973138880, 0.9999999999999995559 ) ) ;
#1783 = CARTESIAN_POINT ( 'NONE',  ( -0.2249999999999993672, -0.8323460818673934503, -0.5000000000000009992 ) ) ;
#1784 = ORIENTED_EDGE ( 'NONE', *, *, #604, .F. ) ;
#1785 = VECTOR ( 'NONE', #760, 1000.000000000000000 ) ;
#1786 = VERTEX_POINT ( 'NONE', #1403 ) ;
#1787 = EDGE_CURVE ( 'NONE', #263, #914, #2684, .T. ) ;
#1788 = DIRECTION ( 'NONE',  ( -0.000000000000000000, 1.000000000000000000, 0.000000000000000000 ) ) ;
#1789 = CARTESIAN_POINT ( 'NONE',  ( 0.6049999999999998712, 0.1999999999999999833, -0.9000000000000003553 ) ) ;
#1790 = DIRECTION ( 'NONE',  ( 5.421010862427509351E-16, -0.000000000000000000, 1.000000000000000000 ) ) ;
#1791 = EDGE_CURVE ( 'NONE', #1983, #1716, #621, .T. ) ;
#1792 = EDGE_LOOP ( 'NONE', ( #2581, #402, #3168, #936 ) ) ;
#1793 = FACE_OUTER_BOUND ( 'NONE', #1004, .T. ) ;
#1794 = ORIENTED_EDGE ( 'NONE', *, *, #338, .T. ) ;
#1795 = PLANE ( 'NONE',  #1660 ) ;
#1796 = CARTESIAN_POINT ( 'NONE',  ( 0.6049999999999998712, -0.8323460818673934503, -1.000000000000000444 ) ) ;
#1797 = ADVANCED_FACE ( 'NONE', ( #2739, #1692 ), #219, .T. ) ;
#1798 = ORIENTED_EDGE ( 'NONE', *, *, #2464, .F. ) ;
#1799 = EDGE_CURVE ( 'NONE', #713, #2783, #1636, .T. ) ;
#1800 = LINE ( 'NONE', #97, #2980 ) ;
#1801 = ORIENTED_EDGE ( 'NONE', *, *, #3127, .T. ) ;
#1802 = CARTESIAN_POINT ( 'NONE',  ( 0.3249999999999996225, 0.05000000000000000278, 0.3200000000000002287 ) ) ;
#1803 = VERTEX_POINT ( 'NONE', #2226 ) ;
#1804 = FACE_OUTER_BOUND ( 'NONE', #908, .T. ) ;
#1805 = VERTEX_POINT ( 'NONE', #2004 ) ;
#1806 = CARTESIAN_POINT ( 'NONE',  ( -0.6049999999999994271, 0.1999999999999999833, 0.3200000000000003397 ) ) ;
#1807 = CARTESIAN_POINT ( 'NONE',  ( -0.6049999999999993161, 0.000000000000000000, -0.3200000000000007283 ) ) ;
#1808 = DIRECTION ( 'NONE',  ( 0.000000000000000000, -1.000000000000000000, 0.000000000000000000 ) ) ;
#1809 = FACE_OUTER_BOUND ( 'NONE', #3164, .T. ) ;
#1810 = VERTEX_POINT ( 'NONE', #2677 ) ;
#1811 = CARTESIAN_POINT ( 'NONE',  ( 0.2249999999999993394, -0.8323460818673934503, -0.4200000000000007061 ) ) ;
#1812 = EDGE_CURVE ( 'NONE', #2184, #80, #1675, .T. ) ;
#1813 = CYLINDRICAL_SURFACE ( 'NONE', #2809, 0.1000000000000002554 ) ;
#1814 = VERTEX_POINT ( 'NONE', #1678 ) ;
#1815 = DIRECTION ( 'NONE',  ( 1.000000000000000000, -0.000000000000000000, -1.936075308009831389E-16 ) ) ;
#1816 = AXIS2_PLACEMENT_3D ( 'NONE', #296, #1526, #530 ) ;
#1817 = CARTESIAN_POINT ( 'NONE',  ( -0.3249999999999995115, 0.000000000000000000, 0.4200000000000008726 ) ) ;
#1818 = VECTOR ( 'NONE', #1434, 1000.000000000000000 ) ;
#1819 = EDGE_LOOP ( 'NONE', ( #2014, #5, #1078, #601 ) ) ;
#1820 = DIRECTION ( 'NONE',  ( -0.000000000000000000, 1.000000000000000000, -0.000000000000000000 ) ) ;
#1821 = AXIS2_PLACEMENT_3D ( 'NONE', #2255, #257, #2466 ) ;
#1822 = FACE_OUTER_BOUND ( 'NONE', #1980, .T. ) ;
#1823 = CARTESIAN_POINT ( 'NONE',  ( 0.3249999999999996225, 0.1999999999999999833, 0.4200000000000009281 ) ) ;
#1824 = ADVANCED_FACE ( 'NONE', ( #2751 ), #2430, .F. ) ;
#1825 = EDGE_LOOP ( 'NONE', ( #475, #3082, #994, #2316 ) ) ;
#1826 = FACE_OUTER_BOUND ( 'NONE', #2346, .T. ) ;
#1827 = ORIENTED_EDGE ( 'NONE', *, *, #1561, .T. ) ;
#1828 = EDGE_CURVE ( 'NONE', #2209, #469, #627, .T. ) ;
#1829 = FACE_OUTER_BOUND ( 'NONE', #2559, .T. ) ;
#1830 = CARTESIAN_POINT ( 'NONE',  ( 0.3249999999999997891, 0.05000000000000000278, 0.8999999999999993561 ) ) ;
#1831 = ORIENTED_EDGE ( 'NONE', *, *, #2657, .T. ) ;
#1832 = DIRECTION ( 'NONE',  ( -0.000000000000000000, 1.000000000000000000, -0.000000000000000000 ) ) ;
#1833 = EDGE_CURVE ( 'NONE', #1135, #2170, #502, .T. ) ;
#1834 = SURFACE_SIDE_STYLE ('',( #2997 ) ) ;
#1835 = ORIENTED_EDGE ( 'NONE', *, *, #2520, .F. ) ;
#1836 = FACE_OUTER_BOUND ( 'NONE', #2117, .T. ) ;
#1837 = ORIENTED_EDGE ( 'NONE', *, *, #717, .T. ) ;
#1838 = CARTESIAN_POINT ( 'NONE',  ( 0.6049999999999993161, 0.05000000000000000278, 0.3200000000000001732 ) ) ;
#1839 = EDGE_CURVE ( 'NONE', #1317, #2167, #564, .T. ) ;
#1840 = DIRECTION ( 'NONE',  ( 1.000000000000000000, 0.000000000000000000, -1.936075308009828431E-16 ) ) ;
#1841 = VERTEX_POINT ( 'NONE', #974 ) ;
#1842 = LINE ( 'NONE', #522, #842 ) ;
#1843 = EDGE_LOOP ( 'NONE', ( #1382, #1940, #1216, #931, #2705, #2605, #2695, #1181, #1196, #1183 ) ) ;
#1844 = CARTESIAN_POINT ( 'NONE',  ( 0.6049999999999993161, 0.05000000000000000278, -0.3200000000000001732 ) ) ;
#1845 = DIRECTION ( 'NONE',  ( -1.936075308009828184E-16, 0.000000000000000000, -1.000000000000000000 ) ) ;
#1846 = COLOUR_RGB ( '',0.2509803921568627416, 0.2509803921568627416, 0.2509803921568627416 ) ;
#1847 = DIRECTION ( 'NONE',  ( -0.000000000000000000, 1.000000000000000000, 0.000000000000000000 ) ) ;
#1848 = ORIENTED_EDGE ( 'NONE', *, *, #2447, .F. ) ;
#1849 = LINE ( 'NONE', #1347, #809 ) ;
#1850 = EDGE_LOOP ( 'NONE', ( #2443, #2993, #346, #1467 ) ) ;
#1851 = DIRECTION ( 'NONE',  ( 0.000000000000000000, 0.000000000000000000, -1.000000000000000000 ) ) ;
#1852 = CARTESIAN_POINT ( 'NONE',  ( 0.3249999999999996225, 0.1999999999999999833, -0.3200000000000002287 ) ) ;
#1853 = EDGE_CURVE ( 'NONE', #2369, #1397, #2702, .T. ) ;
#1854 = FACE_OUTER_BOUND ( 'NONE', #2182, .T. ) ;
#1855 = ADVANCED_FACE ( 'NONE', ( #572 ), #1749, .T. ) ;
#1856 = CARTESIAN_POINT ( 'NONE',  ( -0.5499999999999998224, 0.8499999999999999778, -0.6500000000000002442 ) ) ;
#1857 = CIRCLE ( 'NONE', #1512, 0.1000000000000002554 ) ;
#1858 = ORIENTED_EDGE ( 'NONE', *, *, #357, .T. ) ;
#1859 = CARTESIAN_POINT ( 'NONE',  ( -0.2249999999999991729, 0.1999999999999999833, 0.4200000000000008171 ) ) ;
#1860 = DIRECTION ( 'NONE',  ( 1.426581805901980621E-16, 0.000000000000000000, 1.000000000000000000 ) ) ;
#1861 = AXIS2_PLACEMENT_3D ( 'NONE', #2210, #2186, #2141 ) ;
#1862 = ORIENTED_EDGE ( 'NONE', *, *, #2305, .F. ) ;
#1863 = DIRECTION ( 'NONE',  ( 0.000000000000000000, -1.000000000000000000, 0.000000000000000000 ) ) ;
#1864 = DIRECTION ( 'NONE',  ( 0.000000000000000000, 1.000000000000000000, 0.000000000000000000 ) ) ;
#1865 = VERTEX_POINT ( 'NONE', #1277 ) ;
#1866 = AXIS2_PLACEMENT_3D ( 'NONE', #585, #2150, #2384 ) ;
#1867 = DIRECTION ( 'NONE',  ( -0.000000000000000000, 1.000000000000000000, -0.000000000000000000 ) ) ;
#1868 = LINE ( 'NONE', #279, #2898 ) ;
#1869 = DIRECTION ( 'NONE',  ( 1.000000000000000000, 0.000000000000000000, -1.936075308009831389E-16 ) ) ;
#1870 = ORIENTED_EDGE ( 'NONE', *, *, #2983, .F. ) ;
#1871 = DIRECTION ( 'NONE',  ( -4.279745417705951971E-16, 0.000000000000000000, -1.000000000000000000 ) ) ;
#1872 = EDGE_CURVE ( 'NONE', #2213, #218, #2777, .T. ) ;
#1873 = CARTESIAN_POINT ( 'NONE',  ( -0.3249999999999995115, 0.1999999999999999833, 0.4200000000000008726 ) ) ;
#1874 = EDGE_CURVE ( 'NONE', #1712, #2379, #634, .T. ) ;
#1875 = FACE_OUTER_BOUND ( 'NONE', #112, .T. ) ;
#1876 = ORIENTED_EDGE ( 'NONE', *, *, #987, .F. ) ;
#1877 = DIRECTION ( 'NONE',  ( -0.000000000000000000, -1.000000000000000000, -0.000000000000000000 ) ) ;
#1878 = CIRCLE ( 'NONE', #2693, 0.1000000000000001027 ) ;
#1879 = ADVANCED_FACE ( 'NONE', ( #2800 ), #1913, .F. ) ;
#1880 = LINE ( 'NONE', #1329, #2949 ) ;
#1881 = EDGE_CURVE ( 'NONE', #1397, #753, #2829, .T. ) ;
#1882 = CARTESIAN_POINT ( 'NONE',  ( 0.3249999999999997335, 0.1999999999999999833, 0.9999999999999995559 ) ) ;
#1883 = DIRECTION ( 'NONE',  ( 5.421010862427509351E-16, 0.000000000000000000, 1.000000000000000000 ) ) ;
#1884 = VECTOR ( 'NONE', #512, 1000.000000000000000 ) ;
#1885 = LINE ( 'NONE', #470, #2907 ) ;
#1886 = VERTEX_POINT ( 'NONE', #2275 ) ;
#1887 = CARTESIAN_POINT ( 'NONE',  ( 0.2249999999999997280, 0.1999999999999999833, 0.7999999999999996003 ) ) ;
#1888 = DIRECTION ( 'NONE',  ( 0.000000000000000000, -1.000000000000000000, 0.000000000000000000 ) ) ;
#1889 = LINE ( 'NONE', #1175, #860 ) ;
#1890 = ORIENTED_EDGE ( 'NONE', *, *, #1677, .F. ) ;
#1891 = PLANE ( 'NONE',  #3114 ) ;
#1892 = PRESENTATION_STYLE_ASSIGNMENT (( #2773 ) ) ;
#1893 = FACE_OUTER_BOUND ( 'NONE', #7, .T. ) ;
#1894 = ORIENTED_EDGE ( 'NONE', *, *, #515, .F. ) ;
#1895 = ORIENTED_EDGE ( 'NONE', *, *, #1833, .F. ) ;
#1896 = AXIS2_PLACEMENT_3D ( 'NONE', #2049, #2758, #568 ) ;
#1897 = CYLINDRICAL_SURFACE ( 'NONE', #1821, 0.1000000000000001582 ) ;
#1898 = CIRCLE ( 'NONE', #905, 0.1000000000000002554 ) ;
#1899 = VERTEX_POINT ( 'NONE', #2961 ) ;
#1900 = ORIENTED_EDGE ( 'NONE', *, *, #2707, .T. ) ;
#1901 = DIRECTION ( 'NONE',  ( 1.000000000000000000, 0.000000000000000000, 5.421010862427509351E-16 ) ) ;
#1902 = CARTESIAN_POINT ( 'NONE',  ( 0.3249999999999997891, 0.1999999999999999833, -0.9000000000000002442 ) ) ;
#1903 = DIRECTION ( 'NONE',  ( 0.000000000000000000, -1.000000000000000000, 0.000000000000000000 ) ) ;
#1904 = AXIS2_PLACEMENT_3D ( 'NONE', #839, #861, #116 ) ;
#1905 = CIRCLE ( 'NONE', #464, 0.09999999999999993616 ) ;
#1906 = FACE_OUTER_BOUND ( 'NONE', #1792, .T. ) ;
#1907 = ORIENTED_EDGE ( 'NONE', *, *, #498, .T. ) ;
#1908 = CARTESIAN_POINT ( 'NONE',  ( -0.4049999999999993605, 0.000000000000000000, -0.3200000000000003397 ) ) ;
#1909 = CARTESIAN_POINT ( 'NONE',  ( -0.6050000000000000933, 0.1999999999999999833, 0.7999999999999989342 ) ) ;
#1910 = ORIENTED_EDGE ( 'NONE', *, *, #1839, .F. ) ;
#1911 = CARTESIAN_POINT ( 'NONE',  ( 0.6049999999999998712, 0.05000000000000000278, -0.9000000000000003553 ) ) ;
#1912 = LINE ( 'NONE', #2390, #2954 ) ;
#1913 = PLANE ( 'NONE',  #3068 ) ;
#1914 = CARTESIAN_POINT ( 'NONE',  ( -0.6049999999999994271, 0.05000000000000000278, -0.9000000000000003553 ) ) ;
#1915 = ORIENTED_EDGE ( 'NONE', *, *, #1405, .F. ) ;
#1916 = EDGE_CURVE ( 'NONE', #1716, #2301, #744, .T. ) ;
#1917 = CIRCLE ( 'NONE', #2261, 0.1000000000000002554 ) ;
#1918 = FACE_OUTER_BOUND ( 'NONE', #2095, .T. ) ;
#1919 = CARTESIAN_POINT ( 'NONE',  ( -0.3249999999999992895, 0.1999999999999999833, 0.3200000000000002842 ) ) ;
#1920 = ORIENTED_EDGE ( 'NONE', *, *, #87, .F. ) ;
#1921 = EDGE_CURVE ( 'NONE', #1371, #1149, #663, .T. ) ;
#1922 = FACE_OUTER_BOUND ( 'NONE', #3142, .T. ) ;
#1923 = VERTEX_POINT ( 'NONE', #1071 ) ;
#1924 = CARTESIAN_POINT ( 'NONE',  ( 0.7049999999999992939, -0.8323460818673934503, -0.4200000000000006506 ) ) ;
#1925 = DIRECTION ( 'NONE',  ( 0.000000000000000000, 0.000000000000000000, 1.000000000000000000 ) ) ;
#1926 = DIRECTION ( 'NONE',  ( -0.000000000000000000, 1.000000000000000000, -0.000000000000000000 ) ) ;
#1927 = EDGE_CURVE ( 'NONE', #2296, #379, #2754, .T. ) ;
#1928 = CIRCLE ( 'NONE', #1423, 0.1000000000000001027 ) ;
#1929 = CIRCLE ( 'NONE', #2254, 0.1000000000000001582 ) ;
#1930 = DIRECTION ( 'NONE',  ( 0.000000000000000000, 0.000000000000000000, 1.000000000000000000 ) ) ;
#1931 = ORIENTED_EDGE ( 'NONE', *, *, #1468, .F. ) ;
#1932 = LINE ( 'NONE', #245, #2001 ) ;
#1933 = VECTOR ( 'NONE', #2746, 1000.000000000000000 ) ;
#1934 = DIRECTION ( 'NONE',  ( 0.000000000000000000, -0.000000000000000000, 1.000000000000000000 ) ) ;
#1935 = DIRECTION ( 'NONE',  ( 1.000000000000000000, 0.000000000000000000, 0.000000000000000000 ) ) ;
#1936 = ORIENTED_EDGE ( 'NONE', *, *, #1455, .T. ) ;
#1937 = FACE_OUTER_BOUND ( 'NONE', #416, .T. ) ;
#1938 = AXIS2_PLACEMENT_3D ( 'NONE', #1155, #1353, #2144 ) ;
#1939 = DIRECTION ( 'NONE',  ( 0.000000000000000000, -0.000000000000000000, 1.000000000000000000 ) ) ;
#1940 = ORIENTED_EDGE ( 'NONE', *, *, #301, .F. ) ;
#1941 = LINE ( 'NONE', #560, #1961 ) ;
#1942 = CARTESIAN_POINT ( 'NONE',  ( 0.3249999999999996225, 0.000000000000000000, 0.4200000000000009281 ) ) ;
#1943 = ORIENTED_EDGE ( 'NONE', *, *, #888, .T. ) ;
#1944 = VECTOR ( 'NONE', #1286, 1000.000000000000000 ) ;
#1945 = EDGE_CURVE ( 'NONE', #1358, #19, #1774, .T. ) ;
#1946 = VECTOR ( 'NONE', #735, 1000.000000000000000 ) ;
#1947 = EDGE_LOOP ( 'NONE', ( #2176, #1203, #1208, #1551 ) ) ;
#1948 = FACE_OUTER_BOUND ( 'NONE', #3209, .T. ) ;
#1949 = DIRECTION ( 'NONE',  ( 2.282530889443178855E-15, -0.000000000000000000, -1.000000000000000000 ) ) ;
#1950 = LINE ( 'NONE', #104, #955 ) ;
#1951 = EDGE_CURVE ( 'NONE', #244, #914, #2845, .T. ) ;
#1952 = DIRECTION ( 'NONE',  ( 0.000000000000000000, 0.000000000000000000, -1.000000000000000000 ) ) ;
#1953 = ORIENTED_EDGE ( 'NONE', *, *, #1488, .F. ) ;
#1954 = VERTEX_POINT ( 'NONE', #2903 ) ;
#1955 = VECTOR ( 'NONE', #1966, 1000.000000000000000 ) ;
#1956 = ADVANCED_FACE ( 'NONE', ( #1804 ), #1727, .T. ) ;
#1957 = CYLINDRICAL_SURFACE ( 'NONE', #1584, 0.09999999999999993616 ) ;
#1958 = VECTOR ( 'NONE', #2298, 1000.000000000000000 ) ;
#1959 = CARTESIAN_POINT ( 'NONE',  ( -0.5499999999999998224, 0.8499999999999999778, -0.7500000000000004441 ) ) ;
#1960 = VERTEX_POINT ( 'NONE', #2327 ) ;
#1961 = VECTOR ( 'NONE', #830, 1000.000000000000000 ) ;
#1962 = FACE_OUTER_BOUND ( 'NONE', #805, .T. ) ;
#1963 = ORIENTED_EDGE ( 'NONE', *, *, #2756, .T. ) ;
#1964 = DIRECTION ( 'NONE',  ( 0.000000000000000000, 1.000000000000000000, 0.000000000000000000 ) ) ;
#1965 = EDGE_CURVE ( 'NONE', #2243, #1315, #2873, .T. ) ;
#1966 = DIRECTION ( 'NONE',  ( -3.423796334164758816E-15, -0.000000000000000000, 1.000000000000000000 ) ) ;
#1967 = CARTESIAN_POINT ( 'NONE',  ( 0.3249999999999997335, 0.05000000000000000278, -1.000000000000000444 ) ) ;
#1968 = ORIENTED_EDGE ( 'NONE', *, *, #410, .F. ) ;
#1969 = DIRECTION ( 'NONE',  ( -1.000000000000000000, 0.000000000000000000, 1.936075308009831389E-16 ) ) ;
#1970 = LINE ( 'NONE', #2416, #3053 ) ;
#1971 = ORIENTED_EDGE ( 'NONE', *, *, #1455, .F. ) ;
#1972 = PRESENTATION_LAYER_ASSIGNMENT (  '', '', ( #2543 ) ) ;
#1973 = VERTEX_POINT ( 'NONE', #581 ) ;
#1974 = ORIENTED_EDGE ( 'NONE', *, *, #1748, .F. ) ;
#1975 = PRESENTATION_STYLE_ASSIGNMENT (( #370 ) ) ;
#1976 = CARTESIAN_POINT ( 'NONE',  ( -0.3249999999999993450, 0.05000000000000000278, 0.8999999999999993561 ) ) ;
#1977 = LINE ( 'NONE', #205, #2664 ) ;
#1978 = CARTESIAN_POINT ( 'NONE',  ( -0.2249999999999994504, -0.8323460818673934503, -0.8000000000000004885 ) ) ;
#1979 = CARTESIAN_POINT ( 'NONE',  ( 0.3249999999999997891, 0.05000000000000000278, -0.9000000000000002442 ) ) ;
#1980 = EDGE_LOOP ( 'NONE', ( #258, #2667, #1365, #2031 ) ) ;
#1981 = ADVANCED_FACE ( 'NONE', ( #669 ), #2114, .F. ) ;
#1982 = AXIS2_PLACEMENT_3D ( 'NONE', #2280, #1470, #238 ) ;
#1983 = VERTEX_POINT ( 'NONE', #2359 ) ;
#1984 = LINE ( 'NONE', #2350, #924 ) ;
#1985 = CYLINDRICAL_SURFACE ( 'NONE', #455, 0.1000000000000002554 ) ;
#1986 = ORIENTED_EDGE ( 'NONE', *, *, #793, .F. ) ;
#1987 = EDGE_LOOP ( 'NONE', ( #3073, #1326, #857, #3069 ) ) ;
#1988 = EDGE_CURVE ( 'NONE', #2674, #80, #701, .T. ) ;
#1989 = FACE_OUTER_BOUND ( 'NONE', #2163, .T. ) ;
#1990 = VECTOR ( 'NONE', #806, 1000.000000000000000 ) ;
#1991 = CARTESIAN_POINT ( 'NONE',  ( -0.6049999999999993161, 0.1999999999999999833, -0.4200000000000009837 ) ) ;
#1992 = CARTESIAN_POINT ( 'NONE',  ( 0.3249999999999997891, 0.1999999999999999833, -0.9000000000000002442 ) ) ;
#1993 = EDGE_CURVE ( 'NONE', #1059, #2360, #2811, .T. ) ;
#1994 = ORIENTED_EDGE ( 'NONE', *, *, #1076, .T. ) ;
#1995 = VECTOR ( 'NONE', #792, 1000.000000000000000 ) ;
#1996 = DIRECTION ( 'NONE',  ( 3.423796334164758816E-15, 0.000000000000000000, -1.000000000000000000 ) ) ;
#1997 = DIRECTION ( 'NONE',  ( 1.426581805901984073E-16, 0.000000000000000000, -1.000000000000000000 ) ) ;
#1998 = EDGE_CURVE ( 'NONE', #2914, #1275, #719, .T. ) ;
#1999 = ORIENTED_EDGE ( 'NONE', *, *, #2681, .T. ) ;
#2000 = ORIENTED_EDGE ( 'NONE', *, *, #81, .F. ) ;
#2001 = VECTOR ( 'NONE', #2712, 1000.000000000000000 ) ;
#2002 = CARTESIAN_POINT ( 'NONE',  ( 0.3249999999999997891, 0.1999999999999999833, 0.8999999999999993561 ) ) ;
#2003 = FACE_OUTER_BOUND ( 'NONE', #2220, .T. ) ;
#2004 = CARTESIAN_POINT ( 'NONE',  ( 0.7050000000000007372, 0.1999999999999999833, -0.7999999999999998224 ) ) ;
#2005 = VERTEX_POINT ( 'NONE', #156 ) ;
#2006 = ORIENTED_EDGE ( 'NONE', *, *, #332, .F. ) ;
#2007 = FACE_OUTER_BOUND ( 'NONE', #986, .T. ) ;
#2008 = VECTOR ( 'NONE', #1565, 1000.000000000000000 ) ;
#2009 = DIRECTION ( 'NONE',  ( 5.421010862427508365E-16, -0.000000000000000000, -1.000000000000000000 ) ) ;
#2010 = CARTESIAN_POINT ( 'NONE',  ( -0.7999999999999998224, 0.05000000000000000278, 0.9999999999999995559 ) ) ;
#2011 = ORIENTED_EDGE ( 'NONE', *, *, #361, .F. ) ;
#2012 = ADVANCED_FACE ( 'NONE', ( #1793 ), #77, .F. ) ;
#2013 = VERTEX_POINT ( 'NONE', #2380 ) ;
#2014 = ORIENTED_EDGE ( 'NONE', *, *, #1400, .F. ) ;
#2015 = LINE ( 'NONE', #2439, #3094 ) ;
#2016 = EDGE_CURVE ( 'NONE', #2869, #3135, #2835, .T. ) ;
#2017 = LINE ( 'NONE', #508, #3013 ) ;
#2018 = ORIENTED_EDGE ( 'NONE', *, *, #1799, .F. ) ;
#2019 = CARTESIAN_POINT ( 'NONE',  ( 0.6049999999999998712, 0.05000000000000000278, -0.9000000000000003553 ) ) ;
#2020 = DIRECTION ( 'NONE',  ( 0.000000000000000000, 0.000000000000000000, 1.000000000000000000 ) ) ;
#2021 =( LENGTH_UNIT ( ) NAMED_UNIT ( * ) SI_UNIT ( .MILLI., .METRE. ) );
#2022 = ORIENTED_EDGE ( 'NONE', *, *, #549, .F. ) ;
#2023 = ORIENTED_EDGE ( 'NONE', *, *, #2340, .T. ) ;
#2024 = LINE ( 'NONE', #962, #897 ) ;
#2025 = PLANE ( 'NONE',  #290 ) ;
#2026 = LINE ( 'NONE', #2146, #3103 ) ;
#2027 = AXIS2_PLACEMENT_3D ( 'NONE', #2521, #371, #2598 ) ;
#2028 = ORIENTED_EDGE ( 'NONE', *, *, #670, .T. ) ;
#2029 = DIRECTION ( 'NONE',  ( 0.000000000000000000, -1.000000000000000000, 0.000000000000000000 ) ) ;
#2030 = ORIENTED_EDGE ( 'NONE', *, *, #2234, .F. ) ;
#2031 = ORIENTED_EDGE ( 'NONE', *, *, #2112, .F. ) ;
#2032 = LINE ( 'NONE', #1497, #3084 ) ;
#2033 = CARTESIAN_POINT ( 'NONE',  ( 0.6049999999999998712, 0.000000000000000000, -1.000000000000000444 ) ) ;
#2034 = DIRECTION ( 'NONE',  ( -0.000000000000000000, 1.000000000000000000, -0.000000000000000000 ) ) ;
#2035 = AXIS2_PLACEMENT_3D ( 'NONE', #2597, #3132, #1225 ) ;
#2036 = DIRECTION ( 'NONE',  ( 0.000000000000000000, 0.000000000000000000, 1.000000000000000000 ) ) ;
#2037 = VERTEX_POINT ( 'NONE', #381 ) ;
#2038 = ORIENTED_EDGE ( 'NONE', *, *, #515, .T. ) ;
#2039 = COLOUR_RGB ( '',0.7921568627450980005, 0.8196078431372548767, 0.9333333333333333481 ) ;
#2040 = CARTESIAN_POINT ( 'NONE',  ( -0.7049999999999992939, 0.1999999999999999833, 0.4200000000000008726 ) ) ;
#2041 = CARTESIAN_POINT ( 'NONE',  ( 0.7050000000000007372, 0.000000000000000000, 0.7999999999999989342 ) ) ;
#2042 = ORIENTED_EDGE ( 'NONE', *, *, #2090, .T. ) ;
#2043 = EDGE_CURVE ( 'NONE', #379, #753, #2790, .T. ) ;
#2044 = CLOSED_SHELL ( 'NONE', ( #1246, #179, #2420, #2394, #126, #201, #2687, #347, #2544, #574, #1281, #2473 ) ) ;
#2045 = VECTOR ( 'NONE', #2608, 1000.000000000000000 ) ;
#2046 = EDGE_CURVE ( 'NONE', #811, #2512, #710, .T. ) ;
#2047 = ORIENTED_EDGE ( 'NONE', *, *, #2397, .F. ) ;
#2048 = DIRECTION ( 'NONE',  ( -0.000000000000000000, 1.000000000000000000, -0.000000000000000000 ) ) ;
#2049 = CARTESIAN_POINT ( 'NONE',  ( 0.000000000000000000, 0.000000000000000000, 0.000000000000000000 ) ) ;
#2050 = ADVANCED_FACE ( 'NONE', ( #1809 ), #2858, .F. ) ;
#2051 = EDGE_LOOP ( 'NONE', ( #1322, #1187, #1540, #135 ) ) ;
#2052 = DIRECTION ( 'NONE',  ( -0.000000000000000000, 1.000000000000000000, -0.000000000000000000 ) ) ;
#2053 = LINE ( 'NONE', #2087, #2008 ) ;
#2054 = EDGE_CURVE ( 'NONE', #19, #2602, #697, .T. ) ;
#2055 = ORIENTED_EDGE ( 'NONE', *, *, #2046, .T. ) ;
#2056 = DIRECTION ( 'NONE',  ( 0.000000000000000000, 0.000000000000000000, -1.000000000000000000 ) ) ;
#2057 = ORIENTED_EDGE ( 'NONE', *, *, #476, .T. ) ;
#2058 = ORIENTED_EDGE ( 'NONE', *, *, #674, .F. ) ;
#2059 = VECTOR ( 'NONE', #2188, 1000.000000000000000 ) ;
#2060 = DIRECTION ( 'NONE',  ( 0.000000000000000000, 0.000000000000000000, -1.000000000000000000 ) ) ;
#2061 = EDGE_CURVE ( 'NONE', #2602, #106, #646, .T. ) ;
#2062 = ORIENTED_EDGE ( 'NONE', *, *, #935, .T. ) ;
#2063 = FACE_OUTER_BOUND ( 'NONE', #2130, .T. ) ;
#2064 = ORIENTED_EDGE ( 'NONE', *, *, #3179, .T. ) ;
#2065 = AXIS2_PLACEMENT_3D ( 'NONE', #1013, #2323, #1781 ) ;
#2066 = ORIENTED_EDGE ( 'NONE', *, *, #2785, .T. ) ;
#2067 = LINE ( 'NONE', #499, #2079 ) ;
#2068 = FACE_OUTER_BOUND ( 'NONE', #2198, .T. ) ;
#2069 = ORIENTED_EDGE ( 'NONE', *, *, #1799, .T. ) ;
#2070 =( LENGTH_UNIT ( ) NAMED_UNIT ( * ) SI_UNIT ( .MILLI., .METRE. ) );
#2071 = CARTESIAN_POINT ( 'NONE',  ( -0.6049999999999994271, 0.05000000000000000278, 0.9999999999999995559 ) ) ;
#2072 = ORIENTED_EDGE ( 'NONE', *, *, #717, .F. ) ;
#2073 = AXIS2_PLACEMENT_3D ( 'NONE', #1446, #200, #2635 ) ;
#2074 = ORIENTED_EDGE ( 'NONE', *, *, #1921, .T. ) ;
#2075 = CARTESIAN_POINT ( 'NONE',  ( -0.6049999999999994271, 0.1999999999999999833, 0.8999999999999994671 ) ) ;
#2076 = CARTESIAN_POINT ( 'NONE',  ( -0.4049999999999993605, -0.8323460818673934503, -0.3200000000000003397 ) ) ;
#2077 = LINE ( 'NONE', #3175, #1030 ) ;
#2078 = EDGE_LOOP ( 'NONE', ( #1194, #2895, #72, #318 ) ) ;
#2079 = VECTOR ( 'NONE', #2470, 1000.000000000000000 ) ;
#2080 = ADVANCED_FACE ( 'NONE', ( #693 ), #190, .F. ) ;
#2081 = PLANE ( 'NONE',  #60 ) ;
#2082 = ORIENTED_EDGE ( 'NONE', *, *, #1139, .F. ) ;
#2083 = AXIS2_PLACEMENT_3D ( 'NONE', #2423, #1621, #1037 ) ;
#2084 = DIRECTION ( 'NONE',  ( 0.000000000000000000, -1.000000000000000000, 0.000000000000000000 ) ) ;
#2085 = VECTOR ( 'NONE', #1820, 1000.000000000000000 ) ;
#2086 = CYLINDRICAL_SURFACE ( 'NONE', #2815, 0.1000000000000000472 ) ;
#2087 = CARTESIAN_POINT ( 'NONE',  ( -0.7049999999999992939, 0.1999999999999999833, -0.4200000000000008726 ) ) ;
#2088 = ORIENTED_EDGE ( 'NONE', *, *, #1494, .F. ) ;
#2089 = ADVANCED_FACE ( 'NONE', ( #1705 ), #2256, .F. ) ;
#2090 = EDGE_CURVE ( 'NONE', #1805, #1020, #2821, .T. ) ;
#2091 = EDGE_LOOP ( 'NONE', ( #3091, #1773, #2294, #1798 ) ) ;
#2092 = FACE_OUTER_BOUND ( 'NONE', #853, .T. ) ;
#2093 = CARTESIAN_POINT ( 'NONE',  ( -0.3249999999999993450, 0.000000000000000000, 0.8999999999999993561 ) ) ;
#2094 = VECTOR ( 'NONE', #2732, 1000.000000000000000 ) ;
#2095 = EDGE_LOOP ( 'NONE', ( #1340, #1236, #551, #2400 ) ) ;
#2096 = EDGE_CURVE ( 'NONE', #1275, #2678, #1769, .T. ) ;
#2097 = ORIENTED_EDGE ( 'NONE', *, *, #1787, .F. ) ;
#2098 = LINE ( 'NONE', #2596, #28 ) ;
#2099 = DIRECTION ( 'NONE',  ( 0.000000000000000000, 0.000000000000000000, 1.000000000000000000 ) ) ;
#2100 = VECTOR ( 'NONE', #228, 1000.000000000000000 ) ;
#2101 = VERTEX_POINT ( 'NONE', #1374 ) ;
#2102 = DIRECTION ( 'NONE',  ( -0.000000000000000000, -1.000000000000000000, -0.000000000000000000 ) ) ;
#2103 = DIRECTION ( 'NONE',  ( 0.000000000000000000, 0.000000000000000000, -1.000000000000000000 ) ) ;
#2104 = EDGE_LOOP ( 'NONE', ( #197, #11, #2940, #1794 ) ) ;
#2105 = CARTESIAN_POINT ( 'NONE',  ( 0.6049999999999993161, -0.8323460818673934503, -0.3200000000000007283 ) ) ;
#2106 = CARTESIAN_POINT ( 'NONE',  ( -0.2249999999999992839, 0.000000000000000000, -0.8000000000000004885 ) ) ;
#2107 = FACE_OUTER_BOUND ( 'NONE', #2192, .T. ) ;
#2108 = LINE ( 'NONE', #1730, #3180 ) ;
#2109 = ORIENTED_EDGE ( 'NONE', *, *, #1109, .F. ) ;
#2110 = ORIENTED_EDGE ( 'NONE', *, *, #1750, .T. ) ;
#2111 = DIRECTION ( 'NONE',  ( -0.000000000000000000, -1.000000000000000000, -0.000000000000000000 ) ) ;
#2112 = EDGE_CURVE ( 'NONE', #2365, #3162, #1740, .T. ) ;
#2113 = LINE ( 'NONE', #774, #1049 ) ;
#2114 = PLANE ( 'NONE',  #1579 ) ;
#2115 = CIRCLE ( 'NONE', #2179, 0.1000000000000002554 ) ;
#2116 =( LENGTH_UNIT ( ) NAMED_UNIT ( * ) SI_UNIT ( .MILLI., .METRE. ) );
#2117 = EDGE_LOOP ( 'NONE', ( #2546, #1915, #988, #269 ) ) ;
#2118 = ADVANCED_FACE ( 'NONE', ( #2784 ), #639, .F. ) ;
#2119 = VECTOR ( 'NONE', #2673, 1000.000000000000000 ) ;
#2120 = ORIENTED_EDGE ( 'NONE', *, *, #301, .T. ) ;
#2121 = CARTESIAN_POINT ( 'NONE',  ( 0.3249999999999997891, 0.1999999999999999833, -0.8000000000000004885 ) ) ;
#2122 = AXIS2_PLACEMENT_3D ( 'NONE', #1887, #2175, #2617 ) ;
#2123 = DIRECTION ( 'NONE',  ( 1.000000000000000000, 0.000000000000000000, -0.000000000000000000 ) ) ;
#2124 = VECTOR ( 'NONE', #302, 1000.000000000000000 ) ;
#2125 = DIRECTION ( 'NONE',  ( 0.000000000000000000, 0.000000000000000000, 1.000000000000000000 ) ) ;
#2126 = CYLINDRICAL_SURFACE ( 'NONE', #1128, 0.1000000000000002554 ) ;
#2127 = DIRECTION ( 'NONE',  ( 0.000000000000000000, 0.000000000000000000, 1.000000000000000000 ) ) ;
#2128 = AXIS2_PLACEMENT_3D ( 'NONE', #2585, #698, #2831 ) ;
#2129 = CYLINDRICAL_SURFACE ( 'NONE', #832, 0.1000000000000002554 ) ;
#2130 = EDGE_LOOP ( 'NONE', ( #1118, #2616, #2393, #468 ) ) ;
#2131 = DIRECTION ( 'NONE',  ( 1.426581805901984073E-16, 0.000000000000000000, -1.000000000000000000 ) ) ;
#2132 = DIRECTION ( 'NONE',  ( 0.000000000000000000, 0.000000000000000000, -1.000000000000000000 ) ) ;
#2133 = ORIENTED_EDGE ( 'NONE', *, *, #1279, .T. ) ;
#2134 = CARTESIAN_POINT ( 'NONE',  ( 0.7049999999999992939, 0.1999999999999999833, -0.4200000000000006506 ) ) ;
#2135 = DIRECTION ( 'NONE',  ( 0.000000000000000000, 0.000000000000000000, 1.000000000000000000 ) ) ;
#2136 = LINE ( 'NONE', #521, #2119 ) ;
#2137 = FACE_OUTER_BOUND ( 'NONE', #3178, .T. ) ;
#2138 = VERTEX_POINT ( 'NONE', #2614 ) ;
#2139 = EDGE_CURVE ( 'NONE', #2005, #920, #1761, .T. ) ;
#2140 = CARTESIAN_POINT ( 'NONE',  ( 0.000000000000000000, 0.000000000000000000, 0.000000000000000000 ) ) ;
#2141 = DIRECTION ( 'NONE',  ( 0.000000000000000000, 0.000000000000000000, -1.000000000000000000 ) ) ;
#2142 = VECTOR ( 'NONE', #3106, 1000.000000000000000 ) ;
#2143 = EDGE_CURVE ( 'NONE', #3173, #312, #1713, .T. ) ;
#2144 = DIRECTION ( 'NONE',  ( 0.000000000000000000, 0.000000000000000000, 1.000000000000000000 ) ) ;
#2145 = FACE_OUTER_BOUND ( 'NONE', #37, .T. ) ;
#2146 = CARTESIAN_POINT ( 'NONE',  ( 0.7050000000000005151, -0.8323460818673934503, 0.7999999999999989342 ) ) ;
#2147 = FACE_OUTER_BOUND ( 'NONE', #2404, .T. ) ;
#2148 = DIRECTION ( 'NONE',  ( -1.000000000000000000, 0.000000000000000000, 0.000000000000000000 ) ) ;
#2149 = DIRECTION ( 'NONE',  ( 0.000000000000000000, 0.000000000000000000, -1.000000000000000000 ) ) ;
#2150 = DIRECTION ( 'NONE',  ( 0.000000000000000000, -1.000000000000000000, 0.000000000000000000 ) ) ;
#2151 = LINE ( 'NONE', #2019, #2124 ) ;
#2152 = EDGE_CURVE ( 'NONE', #44, #1239, #1779, .T. ) ;
#2153 = CLOSED_SHELL ( 'NONE', ( #736, #240, #159, #1583, #632, #1066, #1566, #1344, #1095, #1855, #1177, #852 ) ) ;
#2154 = DIRECTION ( 'NONE',  ( -1.936075308009831389E-16, 0.000000000000000000, 1.000000000000000000 ) ) ;
#2155 = ADVANCED_FACE ( 'NONE', ( #714 ), #1813, .T. ) ;
#2156 = VECTOR ( 'NONE', #1969, 1000.000000000000000 ) ;
#2157 = CARTESIAN_POINT ( 'NONE',  ( 0.7049999999999997380, 0.1999999999999999833, 0.4200000000000006506 ) ) ;
#2158 = LINE ( 'NONE', #2864, #1050 ) ;
#2159 = UNCERTAINTY_MEASURE_WITH_UNIT (LENGTH_MEASURE( 1.000000000000000082E-05 ), #787, 'distance_accuracy_value', 'NONE');
#2160 = PLANE ( 'NONE',  #616 ) ;
#2161 = DIRECTION ( 'NONE',  ( -0.000000000000000000, 1.000000000000000000, -0.000000000000000000 ) ) ;
#2162 = CIRCLE ( 'NONE', #2685, 0.1000000000000002554 ) ;
#2163 = EDGE_LOOP ( 'NONE', ( #743, #780, #846, #881, #1073, #1352, #3002, #757, #1065, #303 ) ) ;
#2164 = EDGE_CURVE ( 'NONE', #2678, #995, #727, .T. ) ;
#2165 = CARTESIAN_POINT ( 'NONE',  ( 0.6049999999999998712, -0.8323460818673934503, 0.9999999999999995559 ) ) ;
#2166 = FACE_OUTER_BOUND ( 'NONE', #105, .T. ) ;
#2167 = VERTEX_POINT ( 'NONE', #231 ) ;
#2168 = AXIS2_PLACEMENT_3D ( 'NONE', #2843, #3130, #2127 ) ;
#2169 = VECTOR ( 'NONE', #489, 1000.000000000000000 ) ;
#2170 = VERTEX_POINT ( 'NONE', #450 ) ;
#2171 = DIRECTION ( 'NONE',  ( -1.000000000000000000, 0.000000000000000000, -0.000000000000000000 ) ) ;
#2172 = FILL_AREA_STYLE ('',( #1622 ) ) ;
#2173 = AXIS2_PLACEMENT_3D ( 'NONE', #1009, #18, #262 ) ;
#2174 = CIRCLE ( 'NONE', #2292, 0.1000000000000002554 ) ;
#2175 = DIRECTION ( 'NONE',  ( -1.000000000000000000, 0.000000000000000000, -1.426581805901984319E-16 ) ) ;
#2176 = ORIENTED_EDGE ( 'NONE', *, *, #153, .F. ) ;
#2177 = DIRECTION ( 'NONE',  ( -1.084202172485501673E-15, 0.000000000000000000, 1.000000000000000000 ) ) ;
#2178 = DIRECTION ( 'NONE',  ( -0.000000000000000000, -1.000000000000000000, -0.000000000000000000 ) ) ;
#2179 = AXIS2_PLACEMENT_3D ( 'NONE', #1991, #2495, #791 ) ;
#2180 = CARTESIAN_POINT ( 'NONE',  ( -0.2249999999999994504, 0.05000000000000000278, -0.8000000000000004885 ) ) ;
#2181 = LINE ( 'NONE', #1714, #2200 ) ;
#2182 = EDGE_LOOP ( 'NONE', ( #1900, #1491 ) ) ;
#2183 = ORIENTED_EDGE ( 'NONE', *, *, #3, .T. ) ;
#2184 = VERTEX_POINT ( 'NONE', #819 ) ;
#2185 = EDGE_CURVE ( 'NONE', #291, #1132, #2806, .T. ) ;
#2186 = DIRECTION ( 'NONE',  ( -0.000000000000000000, -1.000000000000000000, -0.000000000000000000 ) ) ;
#2187 = VECTOR ( 'NONE', #725, 1000.000000000000000 ) ;
#2188 = DIRECTION ( 'NONE',  ( -0.000000000000000000, 1.000000000000000000, -0.000000000000000000 ) ) ;
#2189 = ORIENTED_EDGE ( 'NONE', *, *, #1199, .F. ) ;
#2190 = EDGE_CURVE ( 'NONE', #2385, #244, #1800, .T. ) ;
#2191 = VECTOR ( 'NONE', #2818, 1000.000000000000000 ) ;
#2192 = EDGE_LOOP ( 'NONE', ( #443, #2459, #2364, #1431 ) ) ;
#2193 = CARTESIAN_POINT ( 'NONE',  ( -0.7050000000000002931, 0.05000000000000000278, 0.7999999999999989342 ) ) ;
#2194 = CARTESIAN_POINT ( 'NONE',  ( 0.6050000000000005373, 0.05000000000000000278, -0.7999999999999998224 ) ) ;
#2195 = PLANE ( 'NONE',  #1359 ) ;
#2196 = ORIENTED_EDGE ( 'NONE', *, *, #3154, .T. ) ;
#2197 = DIRECTION ( 'NONE',  ( -1.000000000000000000, -0.000000000000000000, -1.936075308009831389E-16 ) ) ;
#2198 = EDGE_LOOP ( 'NONE', ( #1775, #3191, #3213, #733 ) ) ;
#2199 = ORIENTED_EDGE ( 'NONE', *, *, #540, .T. ) ;
#2200 = VECTOR ( 'NONE', #2482, 1000.000000000000000 ) ;
#2201 = CARTESIAN_POINT ( 'NONE',  ( -0.6049999999999994271, 0.000000000000000000, 0.9999999999999995559 ) ) ;
#2202 = DIRECTION ( 'NONE',  ( -0.000000000000000000, -1.000000000000000000, -0.000000000000000000 ) ) ;
#2203 = VERTEX_POINT ( 'NONE', #4 ) ;
#2204 = CARTESIAN_POINT ( 'NONE',  ( -0.3249999999999993450, 0.000000000000000000, -0.9000000000000003553 ) ) ;
#2205 = ORIENTED_EDGE ( 'NONE', *, *, #1244, .T. ) ;
#2206 = CARTESIAN_POINT ( 'NONE',  ( 0.6049999999999993161, -0.8323460818673934503, 0.3200000000000001732 ) ) ;
#2207 = ORIENTED_EDGE ( 'NONE', *, *, #1308, .T. ) ;
#2208 = VERTEX_POINT ( 'NONE', #2312 ) ;
#2209 = VERTEX_POINT ( 'NONE', #2524 ) ;
#2210 = CARTESIAN_POINT ( 'NONE',  ( 0.6050000000000005373, 0.1999999999999999833, 0.7999999999999989342 ) ) ;
#2211 = AXIS2_PLACEMENT_3D ( 'NONE', #2671, #1633, #1449 ) ;
#2212 = ORIENTED_EDGE ( 'NONE', *, *, #1428, .T. ) ;
#2213 = VERTEX_POINT ( 'NONE', #2106 ) ;
#2214 = DIRECTION ( 'NONE',  ( -3.423796334164758816E-15, 0.000000000000000000, 1.000000000000000000 ) ) ;
#2215 = CARTESIAN_POINT ( 'NONE',  ( -0.6050000000000000933, 0.05000000000000000278, -0.7999999999999998224 ) ) ;
#2216 = PRESENTATION_LAYER_ASSIGNMENT (  '', '', ( #1056 ) ) ;
#2217 = ORIENTED_EDGE ( 'NONE', *, *, #123, .F. ) ;
#2218 = ORIENTED_EDGE ( 'NONE', *, *, #2681, .F. ) ;
#2219 = FACE_OUTER_BOUND ( 'NONE', #2414, .T. ) ;
#2220 = EDGE_LOOP ( 'NONE', ( #1931, #2426, #1624, #483 ) ) ;
#2221 = CARTESIAN_POINT ( 'NONE',  ( 0.3249999999999996225, 0.05000000000000000278, -0.3200000000000002287 ) ) ;
#2222 = ORIENTED_EDGE ( 'NONE', *, *, #1666, .F. ) ;
#2223 = AXIS2_PLACEMENT_3D ( 'NONE', #635, #2237, #903 ) ;
#2224 = CARTESIAN_POINT ( 'NONE',  ( -0.3249999999999993450, 0.1999999999999999833, -0.9000000000000002442 ) ) ;
#2225 = ORIENTED_EDGE ( 'NONE', *, *, #2315, .T. ) ;
#2226 = CARTESIAN_POINT ( 'NONE',  ( 0.6049999999999998712, 0.000000000000000000, 0.8999999999999992450 ) ) ;
#2227 = DIRECTION ( 'NONE',  ( -0.000000000000000000, 1.000000000000000000, -0.000000000000000000 ) ) ;
#2228 = FACE_OUTER_BOUND ( 'NONE', #1385, .T. ) ;
#2229 = EDGE_LOOP ( 'NONE', ( #2836, #117, #1207, #3097, #2846, #1069, #2281, #99, #2028, #1837 ) ) ;
#2230 = ORIENTED_EDGE ( 'NONE', *, *, #1507, .F. ) ;
#2231 = CARTESIAN_POINT ( 'NONE',  ( -0.5499999999999998224, 0.7999999999999999334, -0.7500000000000004441 ) ) ;
#2232 = VECTOR ( 'NONE', #525, 1000.000000000000000 ) ;
#2233 = CARTESIAN_POINT ( 'NONE',  ( -0.6049999999999994271, 0.1999999999999999833, -1.000000000000000444 ) ) ;
#2234 = EDGE_CURVE ( 'NONE', #106, #2037, #2936, .T. ) ;
#2235 = ORIENTED_EDGE ( 'NONE', *, *, #3200, .F. ) ;
#2236 = FACE_OUTER_BOUND ( 'NONE', #822, .T. ) ;
#2237 = DIRECTION ( 'NONE',  ( 1.936075308009828431E-16, 0.000000000000000000, 1.000000000000000000 ) ) ;
#2238 = CARTESIAN_POINT ( 'NONE',  ( 0.7049999999999992939, 0.1999999999999999833, -0.4200000000000006506 ) ) ;
#2239 = DIRECTION ( 'NONE',  ( 0.000000000000000000, 0.000000000000000000, 1.000000000000000000 ) ) ;
#2240 = VERTEX_POINT ( 'NONE', #336 ) ;
#2241 = EDGE_CURVE ( 'NONE', #1094, #2213, #1849, .T. ) ;
#2242 = CARTESIAN_POINT ( 'NONE',  ( -0.3249999999999992895, 0.1999999999999999833, 0.9999999999999995559 ) ) ;
#2243 = VERTEX_POINT ( 'NONE', #1127 ) ;
#2244 = VECTOR ( 'NONE', #73, 1000.000000000000000 ) ;
#2245 = VERTEX_POINT ( 'NONE', #150 ) ;
#2246 = DIRECTION ( 'NONE',  ( 0.7071067811865463515, 0.000000000000000000, -0.7071067811865487940 ) ) ;
#2247 = AXIS2_PLACEMENT_3D ( 'NONE', #2799, #664, #1429 ) ;
#2248 = ORIENTED_EDGE ( 'NONE', *, *, #1304, .F. ) ;
#2249 = CARTESIAN_POINT ( 'NONE',  ( -0.2249999999999992839, 0.1999999999999999833, -0.8000000000000004885 ) ) ;
#2250 = DIRECTION ( 'NONE',  ( -0.000000000000000000, 1.000000000000000000, -0.000000000000000000 ) ) ;
#2251 = CIRCLE ( 'NONE', #777, 0.1000000000000002554 ) ;
#2252 = VERTEX_POINT ( 'NONE', #2353 ) ;
#2253 = ORIENTED_EDGE ( 'NONE', *, *, #624, .F. ) ;
#2254 = AXIS2_PLACEMENT_3D ( 'NONE', #723, #548, #1263 ) ;
#2255 = CARTESIAN_POINT ( 'NONE',  ( -0.5499999999999998224, 0.5171572875253804824, -0.7500000000000004441 ) ) ;
#2256 = PLANE ( 'NONE',  #1736 ) ;
#2257 = EDGE_LOOP ( 'NONE', ( #1511, #366, #1986, #1439 ) ) ;
#2258 = ORIENTED_EDGE ( 'NONE', *, *, #750, .T. ) ;
#2259 = ORIENTED_EDGE ( 'NONE', *, *, #771, .T. ) ;
#2260 = ORIENTED_EDGE ( 'NONE', *, *, #2842, .F. ) ;
#2261 = AXIS2_PLACEMENT_3D ( 'NONE', #1034, #1752, #1285 ) ;
#2262 = CARTESIAN_POINT ( 'NONE',  ( 0.6049999999999997602, 0.000000000000000000, 0.4200000000000008171 ) ) ;
#2263 = CARTESIAN_POINT ( 'NONE',  ( 0.8000000000000002665, 0.05000000000000000278, 0.9999999999999995559 ) ) ;
#2264 = ADVANCED_FACE ( 'NONE', ( #2888 ), #2025, .F. ) ;
#2265 = CARTESIAN_POINT ( 'NONE',  ( 0.6049999999999998712, 0.000000000000000000, -0.9000000000000001332 ) ) ;
#2266 = VERTEX_POINT ( 'NONE', #2503 ) ;
#2267 = EDGE_CURVE ( 'NONE', #1317, #1814, #1842, .T. ) ;
#2268 = ORIENTED_EDGE ( 'NONE', *, *, #399, .F. ) ;
#2269 = LINE ( 'NONE', #1195, #1238 ) ;
#2270 = ORIENTED_EDGE ( 'NONE', *, *, #2798, .F. ) ;
#2271 = CARTESIAN_POINT ( 'NONE',  ( -0.6049999999999994271, 0.1999999999999999833, 0.8999999999999994671 ) ) ;
#2272 = ORIENTED_EDGE ( 'NONE', *, *, #1717, .F. ) ;
#2273 = ORIENTED_EDGE ( 'NONE', *, *, #2016, .T. ) ;
#2274 = EDGE_CURVE ( 'NONE', #1215, #790, #1880, .T. ) ;
#2275 = CARTESIAN_POINT ( 'NONE',  ( 0.2249999999999997280, 0.000000000000000000, -0.8000000000000004885 ) ) ;
#2276 = DIRECTION ( 'NONE',  ( -2.282530889443173727E-15, -0.000000000000000000, -1.000000000000000000 ) ) ;
#2277 = ORIENTED_EDGE ( 'NONE', *, *, #1120, .T. ) ;
#2278 = ORIENTED_EDGE ( 'NONE', *, *, #1192, .F. ) ;
#2279 = VERTEX_POINT ( 'NONE', #1086 ) ;
#2280 = CARTESIAN_POINT ( 'NONE',  ( 0.000000000000000000, 0.000000000000000000, 0.000000000000000000 ) ) ;
#2281 = ORIENTED_EDGE ( 'NONE', *, *, #123, .T. ) ;
#2282 = ORIENTED_EDGE ( 'NONE', *, *, #227, .T. ) ;
#2283 = VECTOR ( 'NONE', #1292, 1000.000000000000000 ) ;
#2284 = DIRECTION ( 'NONE',  ( 0.000000000000000000, 0.000000000000000000, -1.000000000000000000 ) ) ;
#2285 = EDGE_CURVE ( 'NONE', #172, #2365, #1929, .T. ) ;
#2286 = DIRECTION ( 'NONE',  ( -1.000000000000000000, 0.000000000000000000, 5.421010862427508365E-16 ) ) ;
#2287 = ADVANCED_FACE ( 'NONE', ( #2913 ), #821, .F. ) ;
#2288 = ORIENTED_EDGE ( 'NONE', *, *, #2434, .T. ) ;
#2289 = ORIENTED_EDGE ( 'NONE', *, *, #1192, .T. ) ;
#2290 = VERTEX_POINT ( 'NONE', #798 ) ;
#2291 = SURFACE_STYLE_FILL_AREA ( #1178 ) ;
#2292 = AXIS2_PLACEMENT_3D ( 'NONE', #198, #393, #2573 ) ;
#2293 = CARTESIAN_POINT ( 'NONE',  ( -0.7050000000000000711, 0.000000000000000000, 0.7999999999999990452 ) ) ;
#2294 = ORIENTED_EDGE ( 'NONE', *, *, #2740, .T. ) ;
#2295 = DIRECTION ( 'NONE',  ( 1.000000000000000000, -0.000000000000000000, 5.421010862427508365E-16 ) ) ;
#2296 = VERTEX_POINT ( 'NONE', #2938 ) ;
#2297 = ORIENTED_EDGE ( 'NONE', *, *, #1462, .T. ) ;
#2298 = DIRECTION ( 'NONE',  ( 0.000000000000000000, 0.000000000000000000, -1.000000000000000000 ) ) ;
#2299 = CIRCLE ( 'NONE', #514, 0.1000000000000001027 ) ;
#2300 = AXIS2_PLACEMENT_3D ( 'NONE', #363, #2586, #339 ) ;
#2301 = VERTEX_POINT ( 'NONE', #1807 ) ;
#2302 = CARTESIAN_POINT ( 'NONE',  ( -0.6049999999999994271, 0.1999999999999999833, -1.000000000000000444 ) ) ;
#2303 =( NAMED_UNIT ( * ) SI_UNIT ( $, .STERADIAN. ) SOLID_ANGLE_UNIT ( ) );
#2304 = ORIENTED_EDGE ( 'NONE', *, *, #802, .F. ) ;
#2305 = EDGE_CURVE ( 'NONE', #2374, #1215, #1885, .T. ) ;
#2306 = CIRCLE ( 'NONE', #2963, 0.09999999999999993616 ) ;
#2307 = DIRECTION ( 'NONE',  ( -1.000000000000000000, 0.000000000000000000, 0.000000000000000000 ) ) ;
#2308 = CARTESIAN_POINT ( 'NONE',  ( 0.3249999999999997335, 0.000000000000000000, 0.9999999999999995559 ) ) ;
#2309 = EDGE_CURVE ( 'NONE', #800, #3080, #2991, .T. ) ;
#2310 = DIRECTION ( 'NONE',  ( 1.000000000000000000, -0.000000000000000000, 1.936075308009831389E-16 ) ) ;
#2311 = ORIENTED_EDGE ( 'NONE', *, *, #1628, .F. ) ;
#2312 = CARTESIAN_POINT ( 'NONE',  ( 0.3249999999999996225, 0.000000000000000000, -0.3200000000000006728 ) ) ;
#2313 = ADVANCED_FACE ( 'NONE', ( #1875 ), #2761, .F. ) ;
#2314 = CARTESIAN_POINT ( 'NONE',  ( 0.7049999999999992939, 0.05000000000000000278, 0.4200000000000006506 ) ) ;
#2315 = EDGE_CURVE ( 'NONE', #2245, #800, #814, .T. ) ;
#2316 = ORIENTED_EDGE ( 'NONE', *, *, #1031, .T. ) ;
#2317 = DIRECTION ( 'NONE',  ( -1.000000000000000000, 0.000000000000000000, 0.000000000000000000 ) ) ;
#2318 = DIRECTION ( 'NONE',  ( 2.282530889443178855E-15, 0.000000000000000000, -1.000000000000000000 ) ) ;
#2319 = EDGE_LOOP ( 'NONE', ( #2937, #1026, #2109, #707 ) ) ;
#2320 = DIRECTION ( 'NONE',  ( -0.000000000000000000, -1.000000000000000000, -0.000000000000000000 ) ) ;
#2321 = EDGE_CURVE ( 'NONE', #2674, #375, #855, .T. ) ;
#2322 = CARTESIAN_POINT ( 'NONE',  ( 0.7049999999999992939, 0.1999999999999999833, 0.4200000000000006506 ) ) ;
#2323 = DIRECTION ( 'NONE',  ( -0.000000000000000000, -1.000000000000000000, -0.000000000000000000 ) ) ;
#2324 = AXIS2_PLACEMENT_3D ( 'NONE', #1048, #507, #1934 ) ;
#2325 = CARTESIAN_POINT ( 'NONE',  ( -0.6050000000000000933, 0.05000000000000000278, 0.7999999999999989342 ) ) ;
#2326 = CARTESIAN_POINT ( 'NONE',  ( 0.6049999999999998712, -0.8323460818673934503, 0.8999999999999992450 ) ) ;
#2327 = CARTESIAN_POINT ( 'NONE',  ( -0.2249999999999991729, 0.1999999999999999833, 0.4200000000000008171 ) ) ;
#2328 = AXIS2_PLACEMENT_3D ( 'NONE', #808, #342, #2362 ) ;
#2329 = CARTESIAN_POINT ( 'NONE',  ( -0.3249999999999993450, 0.1999999999999999833, -0.8000000000000004885 ) ) ;
#2330 = ADVANCED_FACE ( 'NONE', ( #1836 ), #2945, .F. ) ;
#2331 = DIRECTION ( 'NONE',  ( 0.000000000000000000, 0.000000000000000000, 1.000000000000000000 ) ) ;
#2332 = ORIENTED_EDGE ( 'NONE', *, *, #1591, .F. ) ;
#2333 = SHAPE_DEFINITION_REPRESENTATION ( #395, #1119 ) ;
#2334 = AXIS2_PLACEMENT_3D ( 'NONE', #2382, #1863, #2591 ) ;
#2335 = VERTEX_POINT ( 'NONE', #1657 ) ;
#2336 = DIRECTION ( 'NONE',  ( 0.000000000000000000, 0.000000000000000000, 1.000000000000000000 ) ) ;
#2337 = CARTESIAN_POINT ( 'NONE',  ( 0.6049999999999998712, 0.000000000000000000, 0.9999999999999995559 ) ) ;
#2338 = DIRECTION ( 'NONE',  ( -0.000000000000000000, 0.000000000000000000, -1.000000000000000000 ) ) ;
#2339 = ORIENTED_EDGE ( 'NONE', *, *, #2305, .T. ) ;
#2340 = EDGE_CURVE ( 'NONE', #2301, #2794, #2921, .T. ) ;
#2341 = CARTESIAN_POINT ( 'NONE',  ( 0.3249999999999997891, 0.1999999999999999833, 0.8999999999999993561 ) ) ;
#2342 = ORIENTED_EDGE ( 'NONE', *, *, #357, .F. ) ;
#2343 = DIRECTION ( 'NONE',  ( 0.000000000000000000, 0.000000000000000000, 1.000000000000000000 ) ) ;
#2344 = CARTESIAN_POINT ( 'NONE',  ( -0.2249999999999992839, 0.1999999999999999833, -0.8000000000000004885 ) ) ;
#2345 = DIRECTION ( 'NONE',  ( 0.000000000000000000, 0.000000000000000000, -1.000000000000000000 ) ) ;
#2346 = EDGE_LOOP ( 'NONE', ( #2000, #2429, #210, #2610 ) ) ;
#2347 = ADVANCED_FACE ( 'NONE', ( #1918 ), #2900, .T. ) ;
#2348 = CARTESIAN_POINT ( 'NONE',  ( 0.8000000000000002665, 0.8500000000000000888, 0.9999999999999995559 ) ) ;
#2349 = ORIENTED_EDGE ( 'NONE', *, *, #1297, .F. ) ;
#2350 = CARTESIAN_POINT ( 'NONE',  ( 0.6049999999999998712, 0.1999999999999999833, -1.000000000000000444 ) ) ;
#2351 = ORIENTED_EDGE ( 'NONE', *, *, #1766, .T. ) ;
#2352 = AXIS2_PLACEMENT_3D ( 'NONE', #2231, #2807, #3089 ) ;
#2353 = CARTESIAN_POINT ( 'NONE',  ( -0.3249999999999992895, 0.1999999999999999833, 0.9999999999999995559 ) ) ;
#2354 = EDGE_LOOP ( 'NONE', ( #2270, #2381, #1046, #718 ) ) ;
#2355 = CARTESIAN_POINT ( 'NONE',  ( 0.2249999999999998945, 0.05000000000000000278, 0.7999999999999996003 ) ) ;
#2356 = AXIS2_PLACEMENT_3D ( 'NONE', #1817, #1569, #2331 ) ;
#2357 = DIRECTION ( 'NONE',  ( -0.000000000000000000, -1.000000000000000000, -0.000000000000000000 ) ) ;
#2358 = ORIENTED_EDGE ( 'NONE', *, *, #3154, .F. ) ;
#2359 = CARTESIAN_POINT ( 'NONE',  ( -0.7050000000000000711, 0.000000000000000000, -0.7999999999999999334 ) ) ;
#2360 = VERTEX_POINT ( 'NONE', #3113 ) ;
#2361 = EDGE_CURVE ( 'NONE', #2820, #1007, #1912, .T. ) ;
#2362 = DIRECTION ( 'NONE',  ( 0.7071067811865463515, 0.000000000000000000, -0.7071067811865487940 ) ) ;
#2363 = CARTESIAN_POINT ( 'NONE',  ( -0.7999999999999998224, 0.05000000000000000278, 0.9999999999999995559 ) ) ;
#2364 = ORIENTED_EDGE ( 'NONE', *, *, #1672, .F. ) ;
#2365 = VERTEX_POINT ( 'NONE', #623 ) ;
#2366 = EDGE_CURVE ( 'NONE', #1110, #3210, #1889, .T. ) ;
#2367 = CARTESIAN_POINT ( 'NONE',  ( 0.2249999999999993394, 0.1999999999999999833, -0.4200000000000007061 ) ) ;
#2368 = ORIENTED_EDGE ( 'NONE', *, *, #1405, .T. ) ;
#2369 = VERTEX_POINT ( 'NONE', #2180 ) ;
#2370 = PLANE ( 'NONE',  #2478 ) ;
#2371 = EDGE_CURVE ( 'NONE', #1017, #1358, #1857, .T. ) ;
#2372 = CARTESIAN_POINT ( 'NONE',  ( -0.7999999999999998224, 4.261249694973138880, -1.000000000000000444 ) ) ;
#2373 = FILL_AREA_STYLE_COLOUR ( '', #2965 ) ;
#2374 = VERTEX_POINT ( 'NONE', #236 ) ;
#2375 = ORIENTED_EDGE ( 'NONE', *, *, #1791, .T. ) ;
#2376 = UNCERTAINTY_MEASURE_WITH_UNIT (LENGTH_MEASURE( 1.000000000000000082E-05 ), #439, 'distance_accuracy_value', 'NONE');
#2377 = PLANE ( 'NONE',  #2128 ) ;
#2378 = EDGE_CURVE ( 'NONE', #608, #1059, #829, .T. ) ;
#2379 = VERTEX_POINT ( 'NONE', #892 ) ;
#2380 = CARTESIAN_POINT ( 'NONE',  ( 0.6049999999999998712, 0.1999999999999999833, 0.9999999999999995559 ) ) ;
#2381 = ORIENTED_EDGE ( 'NONE', *, *, #2842, .T. ) ;
#2382 = CARTESIAN_POINT ( 'NONE',  ( 0.6050000000000005373, 0.1999999999999999833, -0.7999999999999998224 ) ) ;
#2383 = DIRECTION ( 'NONE',  ( 1.000000000000000000, -0.000000000000000000, 0.000000000000000000 ) ) ;
#2384 = DIRECTION ( 'NONE',  ( 0.000000000000000000, 0.000000000000000000, 1.000000000000000000 ) ) ;
#2385 = VERTEX_POINT ( 'NONE', #1914 ) ;
#2386 = AXIS2_PLACEMENT_3D ( 'NONE', #3110, #1574, #2103 ) ;
#2387 = CARTESIAN_POINT ( 'NONE',  ( -0.7050000000000002931, 0.1999999999999999833, 0.7999999999999989342 ) ) ;
#2388 = EDGE_LOOP ( 'NONE', ( #538, #696, #958, #42 ) ) ;
#2389 = PLANE ( 'NONE',  #460 ) ;
#2390 = CARTESIAN_POINT ( 'NONE',  ( 0.8000000000000002665, 4.261249694973138880, 0.9999999999999995559 ) ) ;
#2391 = ORIENTED_EDGE ( 'NONE', *, *, #54, .F. ) ;
#2392 = AXIS2_PLACEMENT_3D ( 'NONE', #1924, #194, #2214 ) ;
#2393 = ORIENTED_EDGE ( 'NONE', *, *, #2590, .T. ) ;
#2394 = ADVANCED_FACE ( 'NONE', ( #781 ), #2958, .T. ) ;
#2395 = DIRECTION ( 'NONE',  ( 0.000000000000000000, 0.000000000000000000, -1.000000000000000000 ) ) ;
#2396 = DIRECTION ( 'NONE',  ( -0.000000000000000000, 1.000000000000000000, -0.000000000000000000 ) ) ;
#2397 = EDGE_CURVE ( 'NONE', #2279, #3104, #837, .T. ) ;
#2398 = ORIENTED_EDGE ( 'NONE', *, *, #399, .T. ) ;
#2399 = CARTESIAN_POINT ( 'NONE',  ( -0.6049999999999994271, 0.1999999999999999833, 0.9999999999999995559 ) ) ;
#2400 = ORIENTED_EDGE ( 'NONE', *, *, #2520, .T. ) ;
#2401 = CARTESIAN_POINT ( 'NONE',  ( -0.6049999999999994271, 0.000000000000000000, -1.000000000000000444 ) ) ;
#2402 = CARTESIAN_POINT ( 'NONE',  ( -0.2249999999999994504, 0.1999999999999999833, -0.8000000000000004885 ) ) ;
#2403 = CARTESIAN_POINT ( 'NONE',  ( 0.6050000000000005373, 0.1999999999999999833, -0.7999999999999998224 ) ) ;
#2404 = EDGE_LOOP ( 'NONE', ( #1953, #2398, #1454, #3049 ) ) ;
#2405 = EDGE_CURVE ( 'NONE', #445, #1506, #1898, .T. ) ;
#2406 = MANIFOLD_SOLID_BREP ( 'Boss-Extrude3[3]', #2153 ) ;
#2407 = ORIENTED_EDGE ( 'NONE', *, *, #1304, .T. ) ;
#2408 = CARTESIAN_POINT ( 'NONE',  ( -0.2249999999999992839, 0.1999999999999999833, 0.7999999999999996003 ) ) ;
#2409 = DIRECTION ( 'NONE',  ( 0.000000000000000000, 1.000000000000000000, 0.000000000000000000 ) ) ;
#2410 = ORIENTED_EDGE ( 'NONE', *, *, #2947, .F. ) ;
#2411 = DIRECTION ( 'NONE',  ( 1.000000000000000000, 0.000000000000000000, -4.279745417705951971E-16 ) ) ;
#2412 =( NAMED_UNIT ( * ) PLANE_ANGLE_UNIT ( ) SI_UNIT ( $, .RADIAN. ) );
#2413 = EDGE_CURVE ( 'NONE', #2279, #1712, #752, .T. ) ;
#2414 = EDGE_LOOP ( 'NONE', ( #2967, #2531, #1527, #222 ) ) ;
#2415 = DIRECTION ( 'NONE',  ( 1.000000000000000000, 0.000000000000000000, 0.000000000000000000 ) ) ;
#2416 = CARTESIAN_POINT ( 'NONE',  ( -0.6049999999999994271, 0.05000000000000000278, 0.8999999999999994671 ) ) ;
#2417 = EDGE_LOOP ( 'NONE', ( #1201, #2833, #1148, #3138 ) ) ;
#2418 = CARTESIAN_POINT ( 'NONE',  ( 0.6049999999999998712, 0.1999999999999999833, -0.9000000000000003553 ) ) ;
#2419 = DIRECTION ( 'NONE',  ( -0.000000000000000000, 1.000000000000000000, -0.000000000000000000 ) ) ;
#2420 = ADVANCED_FACE ( 'NONE', ( #1826 ), #1891, .F. ) ;
#2421 = AXIS2_PLACEMENT_3D ( 'NONE', #2566, #1616, #192 ) ;
#2422 = CARTESIAN_POINT ( 'NONE',  ( -0.5499999999999998224, 0.7999999999999999334, -0.8500000000000006439 ) ) ;
#2423 = CARTESIAN_POINT ( 'NONE',  ( 0.6050000000000005373, -0.8323460818673934503, 0.7999999999999989342 ) ) ;
#2424 = DIRECTION ( 'NONE',  ( -1.000000000000000000, 0.000000000000000000, -2.710505431213765522E-16 ) ) ;
#2425 = CARTESIAN_POINT ( 'NONE',  ( -0.3249999999999993450, 0.05000000000000000278, 0.7999999999999996003 ) ) ;
#2426 = ORIENTED_EDGE ( 'NONE', *, *, #2469, .T. ) ;
#2427 = AXIS2_PLACEMENT_3D ( 'NONE', #1942, #1441, #1925 ) ;
#2428 = CARTESIAN_POINT ( 'NONE',  ( -0.7049999999999996270, 0.000000000000000000, 0.4200000000000008726 ) ) ;
#2429 = ORIENTED_EDGE ( 'NONE', *, *, #1001, .T. ) ;
#2430 = PLANE ( 'NONE',  #384 ) ;
#2431 = EDGE_CURVE ( 'NONE', #2243, #1805, #2894, .T. ) ;
#2432 = CARTESIAN_POINT ( 'NONE',  ( 0.6049999999999993161, -0.8323460818673934503, -0.3200000000000001732 ) ) ;
#2433 = ORIENTED_EDGE ( 'NONE', *, *, #2164, .F. ) ;
#2434 = EDGE_CURVE ( 'NONE', #1007, #2266, #763, .T. ) ;
#2435 = CARTESIAN_POINT ( 'NONE',  ( 0.7049999999999992939, 0.1999999999999999833, -0.4200000000000006506 ) ) ;
#2436 = EDGE_LOOP ( 'NONE', ( #300, #2999, #1461, #3088 ) ) ;
#2437 = EDGE_CURVE ( 'NONE', #1411, #2956, #984, .T. ) ;
#2438 = DIRECTION ( 'NONE',  ( -0.000000000000000000, -1.000000000000000000, -0.000000000000000000 ) ) ;
#2439 = CARTESIAN_POINT ( 'NONE',  ( 0.6049999999999998712, 0.1999999999999999833, -0.9000000000000003553 ) ) ;
#2440 = DIRECTION ( 'NONE',  ( 0.000000000000000000, -1.000000000000000000, 0.000000000000000000 ) ) ;
#2441 = ORIENTED_EDGE ( 'NONE', *, *, #595, .T. ) ;
#2442 = CARTESIAN_POINT ( 'NONE',  ( -0.5499999999999998224, 0.7999999999999999334, -0.7500000000000004441 ) ) ;
#2443 = ORIENTED_EDGE ( 'NONE', *, *, #1070, .T. ) ;
#2444 = DIRECTION ( 'NONE',  ( 0.000000000000000000, -1.000000000000000000, 0.000000000000000000 ) ) ;
#2445 = CARTESIAN_POINT ( 'NONE',  ( 0.6050000000000005373, 0.05000000000000000278, 0.7999999999999989342 ) ) ;
#2446 = PRODUCT_DEFINITION_FORMATION_WITH_SPECIFIED_SOURCE ( 'ANY', '', #1410, .NOT_KNOWN. ) ;
#2447 = EDGE_CURVE ( 'NONE', #1360, #2507, #1950, .T. ) ;
#2448 = ORIENTED_EDGE ( 'NONE', *, *, #1255, .T. ) ;
#2449 = CYLINDRICAL_SURFACE ( 'NONE', #1555, 0.09999999999999993616 ) ;
#2450 = CARTESIAN_POINT ( 'NONE',  ( -0.2249999999999992839, -0.8323460818673934503, 0.7999999999999996003 ) ) ;
#2451 = DIRECTION ( 'NONE',  ( 1.000000000000000000, 0.000000000000000000, 0.000000000000000000 ) ) ;
#2452 = AXIS2_PLACEMENT_3D ( 'NONE', #2676, #2444, #1198 ) ;
#2453 = ORIENTED_EDGE ( 'NONE', *, *, #1369, .T. ) ;
#2454 = CARTESIAN_POINT ( 'NONE',  ( -0.2249999999999993672, 0.1999999999999999833, -0.5000000000000009992 ) ) ;
#2455 = AXIS2_PLACEMENT_3D ( 'NONE', #1401, #1604, #2020 ) ;
#2456 = DIRECTION ( 'NONE',  ( 0.000000000000000000, 0.000000000000000000, -1.000000000000000000 ) ) ;
#2457 = ORIENTED_EDGE ( 'NONE', *, *, #1523, .T. ) ;
#2458 = CARTESIAN_POINT ( 'NONE',  ( 0.7049999999999997380, 0.05000000000000000278, 0.4200000000000006506 ) ) ;
#2459 = ORIENTED_EDGE ( 'NONE', *, *, #540, .F. ) ;
#2460 = EDGE_CURVE ( 'NONE', #2379, #59, #3021, .T. ) ;
#2461 = ORIENTED_EDGE ( 'NONE', *, *, #2744, .F. ) ;
#2462 = CARTESIAN_POINT ( 'NONE',  ( 0.7050000000000005151, 0.1999999999999999833, 0.7999999999999989342 ) ) ;
#2463 = CARTESIAN_POINT ( 'NONE',  ( 0.2249999999999997835, 0.1999999999999999833, 0.4200000000000007616 ) ) ;
#2464 = EDGE_CURVE ( 'NONE', #997, #2005, #3060, .T. ) ;
#2465 = EDGE_LOOP ( 'NONE', ( #1554, #122, #79, #2066 ) ) ;
#2466 = DIRECTION ( 'NONE',  ( 0.000000000000000000, 0.000000000000000000, 1.000000000000000000 ) ) ;
#2467 = ORIENTED_EDGE ( 'NONE', *, *, #2397, .T. ) ;
#2468 = CARTESIAN_POINT ( 'NONE',  ( -0.3249999999999992895, 0.1999999999999999833, -1.000000000000000444 ) ) ;
#2469 = EDGE_CURVE ( 'NONE', #2335, #668, #2017, .T. ) ;
#2470 = DIRECTION ( 'NONE',  ( 1.426581805901984073E-16, 0.000000000000000000, -1.000000000000000000 ) ) ;
#2471 = DIRECTION ( 'NONE',  ( 4.279745417705952464E-16, 0.000000000000000000, 1.000000000000000000 ) ) ;
#2472 = DIRECTION ( 'NONE',  ( 0.000000000000000000, 0.000000000000000000, 1.000000000000000000 ) ) ;
#2473 = ADVANCED_FACE ( 'NONE', ( #906 ), #1699, .T. ) ;
#2474 = DIRECTION ( 'NONE',  ( -1.426581805901980621E-16, -0.000000000000000000, -1.000000000000000000 ) ) ;
#2475 = DIRECTION ( 'NONE',  ( 2.710505431213765029E-16, 0.000000000000000000, -1.000000000000000000 ) ) ;
#2476 = AXIS2_PLACEMENT_3D ( 'NONE', #2445, #1252, #438 ) ;
#2477 = CARTESIAN_POINT ( 'NONE',  ( -0.6049999999999994271, 0.1999999999999999833, 0.8999999999999994671 ) ) ;
#2478 = AXIS2_PLACEMENT_3D ( 'NONE', #1145, #3054, #1869 ) ;
#2479 = DIRECTION ( 'NONE',  ( -0.000000000000000000, -1.000000000000000000, -0.000000000000000000 ) ) ;
#2480 = CARTESIAN_POINT ( 'NONE',  ( 0.3249999999999997891, 0.1999999999999999833, 0.8999999999999993561 ) ) ;
#2481 = VERTEX_POINT ( 'NONE', #1979 ) ;
#2482 = DIRECTION ( 'NONE',  ( -0.000000000000000000, 1.000000000000000000, -0.000000000000000000 ) ) ;
#2483 = FACE_OUTER_BOUND ( 'NONE', #307, .T. ) ;
#2484 = CARTESIAN_POINT ( 'NONE',  ( 0.6049999999999997602, 0.1999999999999999833, 0.4200000000000008171 ) ) ;
#2485 = ORIENTED_EDGE ( 'NONE', *, *, #376, .T. ) ;
#2486 = DIRECTION ( 'NONE',  ( -1.000000000000000000, 0.000000000000000000, -5.421010862427508365E-16 ) ) ;
#2487 = CARTESIAN_POINT ( 'NONE',  ( -0.6049999999999994271, 0.1999999999999999833, -0.9000000000000003553 ) ) ;
#2488 = CARTESIAN_POINT ( 'NONE',  ( -0.7050000000000000711, 0.1999999999999999833, -0.7999999999999999334 ) ) ;
#2489 = LINE ( 'NONE', #828, #356 ) ;
#2490 = ADVANCED_FACE ( 'NONE', ( #3004 ), #1000, .F. ) ;
#2491 = ORIENTED_EDGE ( 'NONE', *, *, #1945, .T. ) ;
#2492 = EDGE_CURVE ( 'NONE', #2209, #957, #970, .T. ) ;
#2493 = VECTOR ( 'NONE', #1815, 1000.000000000000000 ) ;
#2494 = ORIENTED_EDGE ( 'NONE', *, *, #2139, .F. ) ;
#2495 = DIRECTION ( 'NONE',  ( 0.000000000000000000, -1.000000000000000000, 0.000000000000000000 ) ) ;
#2496 = STYLED_ITEM ( 'NONE', ( #1218 ), #1119 ) ;
#2497 = EDGE_CURVE ( 'NONE', #172, #2663, #884, .T. ) ;
#2498 = FILL_AREA_STYLE_COLOUR ( '', #915 ) ;
#2499 = DIRECTION ( 'NONE',  ( 5.421010862427508365E-16, 0.000000000000000000, 1.000000000000000000 ) ) ;
#2500 = VECTOR ( 'NONE', #319, 1000.000000000000000 ) ;
#2501 = ORIENTED_EDGE ( 'NONE', *, *, #199, .T. ) ;
#2502 = DIRECTION ( 'NONE',  ( 0.000000000000000000, 1.000000000000000000, 0.000000000000000000 ) ) ;
#2503 = CARTESIAN_POINT ( 'NONE',  ( 0.8000000000000002665, 0.05000000000000000278, -1.000000000000000444 ) ) ;
#2504 = AXIS2_PLACEMENT_3D ( 'NONE', #1502, #2653, #3061 ) ;
#2505 = LINE ( 'NONE', #2040, #349 ) ;
#2506 = CARTESIAN_POINT ( 'NONE',  ( 0.8000000000000002665, 0.8500000000000000888, -1.000000000000000444 ) ) ;
#2507 = VERTEX_POINT ( 'NONE', #2488 ) ;
#2508 = DIRECTION ( 'NONE',  ( -0.000000000000000000, 1.000000000000000000, -0.000000000000000000 ) ) ;
#2509 = DIRECTION ( 'NONE',  ( -0.000000000000000000, 1.000000000000000000, -0.000000000000000000 ) ) ;
#2510 = FACE_OUTER_BOUND ( 'NONE', #10, .T. ) ;
#2511 = AXIS2_PLACEMENT_3D ( 'NONE', #353, #1362, #2132 ) ;
#2512 = VERTEX_POINT ( 'NONE', #33 ) ;
#2513 = CARTESIAN_POINT ( 'NONE',  ( -0.7999999999999998224, 4.261249694973138880, 0.9999999999999995559 ) ) ;
#2514 = CARTESIAN_POINT ( 'NONE',  ( 0.2249999999999997280, 0.1999999999999999833, -0.8000000000000004885 ) ) ;
#2515 = VECTOR ( 'NONE', #136, 1000.000000000000000 ) ;
#2516 = ADVANCED_FACE ( 'NONE', ( #991 ), #1721, .F. ) ;
#2517 = EDGE_CURVE ( 'NONE', #2138, #1305, #3128, .T. ) ;
#2518 = EDGE_LOOP ( 'NONE', ( #1091, #2018, #2072, #3194 ) ) ;
#2519 = DIRECTION ( 'NONE',  ( -0.000000000000000000, 1.000000000000000000, -0.000000000000000000 ) ) ;
#2520 = EDGE_CURVE ( 'NONE', #2167, #218, #3033, .T. ) ;
#2521 = CARTESIAN_POINT ( 'NONE',  ( -0.6050000000000000933, 0.000000000000000000, 0.7999999999999989342 ) ) ;
#2522 = VECTOR ( 'NONE', #2747, 1000.000000000000000 ) ;
#2523 = ORIENTED_EDGE ( 'NONE', *, *, #1874, .F. ) ;
#2524 = CARTESIAN_POINT ( 'NONE',  ( 0.2249999999999998945, 0.000000000000000000, 0.7999999999999996003 ) ) ;
#2525 = LINE ( 'NONE', #885, #423 ) ;
#2526 = DIRECTION ( 'NONE',  ( 0.000000000000000000, -1.000000000000000000, 0.000000000000000000 ) ) ;
#2527 = EDGE_CURVE ( 'NONE', #1983, #2507, #918, .T. ) ;
#2528 = CARTESIAN_POINT ( 'NONE',  ( -0.3249999999999993450, 0.1999999999999999833, 0.7999999999999996003 ) ) ;
#2529 = CARTESIAN_POINT ( 'NONE',  ( -0.3249999999999992895, -0.8323460818673934503, 0.9999999999999995559 ) ) ;
#2530 = LINE ( 'NONE', #1356, #2493 ) ;
#2531 = ORIENTED_EDGE ( 'NONE', *, *, #2707, .F. ) ;
#2532 = CARTESIAN_POINT ( 'NONE',  ( 0.3249999999999997891, 0.1999999999999999833, -0.8000000000000004885 ) ) ;
#2533 = LINE ( 'NONE', #266, #1483 ) ;
#2534 = ORIENTED_EDGE ( 'NONE', *, *, #485, .F. ) ;
#2535 = EDGE_CURVE ( 'NONE', #1954, #2252, #1005, .T. ) ;
#2536 = DIRECTION ( 'NONE',  ( 1.000000000000000000, 0.000000000000000000, 0.000000000000000000 ) ) ;
#2537 = CARTESIAN_POINT ( 'NONE',  ( 0.6049999999999993161, 0.1999999999999999833, 0.3200000000000001732 ) ) ;
#2538 = LINE ( 'NONE', #904, #413 ) ;
#2539 = ADVANCED_FACE ( 'NONE', ( #909 ), #3095, .F. ) ;
#2540 = VERTEX_POINT ( 'NONE', #78 ) ;
#2541 = DIRECTION ( 'NONE',  ( -0.000000000000000000, 1.000000000000000000, 0.000000000000000000 ) ) ;
#2542 = DIRECTION ( 'NONE',  ( 2.710505431213765522E-16, 0.000000000000000000, -1.000000000000000000 ) ) ;
#2543 = STYLED_ITEM ( 'NONE', ( #848 ), #2406 ) ;
#2544 = ADVANCED_FACE ( 'NONE', ( #2003 ), #3009, .F. ) ;
#2545 = VECTOR ( 'NONE', #2812, 1000.000000000000000 ) ;
#2546 = ORIENTED_EDGE ( 'NONE', *, *, #441, .T. ) ;
#2547 = CARTESIAN_POINT ( 'NONE',  ( -0.7049999999999996270, 0.1999999999999999833, -0.4200000000000008726 ) ) ;
#2548 = AXIS2_PLACEMENT_3D ( 'NONE', #722, #1273, #617 ) ;
#2549 = VECTOR ( 'NONE', #2519, 1000.000000000000000 ) ;
#2550 = EDGE_LOOP ( 'NONE', ( #2064, #769, #1054, #1032 ) ) ;
#2551 = DIRECTION ( 'NONE',  ( -1.000000000000000000, 0.000000000000000000, 0.000000000000000000 ) ) ;
#2552 = EDGE_CURVE ( 'NONE', #2301, #115, #3109, .T. ) ;
#2553 = LINE ( 'NONE', #83, #406 ) ;
#2554 = ORIENTED_EDGE ( 'NONE', *, *, #2556, .T. ) ;
#2555 = DIRECTION ( 'NONE',  ( 1.000000000000000000, -0.000000000000000000, 0.000000000000000000 ) ) ;
#2556 = EDGE_CURVE ( 'NONE', #759, #1017, #2053, .T. ) ;
#2557 = DIRECTION ( 'NONE',  ( 4.279745417705952464E-16, -0.000000000000000000, 1.000000000000000000 ) ) ;
#2558 = CIRCLE ( 'NONE', #2035, 0.1000000000000000472 ) ;
#2559 = EDGE_LOOP ( 'NONE', ( #1288, #2218, #1876, #1280 ) ) ;
#2560 = DIRECTION ( 'NONE',  ( -0.000000000000000000, -0.000000000000000000, -1.000000000000000000 ) ) ;
#2561 = DIRECTION ( 'NONE',  ( 1.000000000000000000, -0.000000000000000000, -1.936075308009831389E-16 ) ) ;
#2562 = EDGE_CURVE ( 'NONE', #237, #997, #3116, .T. ) ;
#2563 = LINE ( 'NONE', #533, #1456 ) ;
#2564 = ADVANCED_FACE ( 'NONE', ( #1962 ), #1985, .T. ) ;
#2565 = VERTEX_POINT ( 'NONE', #340 ) ;
#2566 = CARTESIAN_POINT ( 'NONE',  ( 0.6049999999999997602, 0.1999999999999999833, 0.4200000000000008171 ) ) ;
#2567 = LINE ( 'NONE', #1324, #2500 ) ;
#2568 = DIRECTION ( 'NONE',  ( -2.282530889443173727E-15, 0.000000000000000000, -1.000000000000000000 ) ) ;
#2569 = EDGE_CURVE ( 'NONE', #800, #1663, #3133, .T. ) ;
#2570 = CYLINDRICAL_SURFACE ( 'NONE', #1289, 0.1000000000000002554 ) ;
#2571 = UNCERTAINTY_MEASURE_WITH_UNIT (LENGTH_MEASURE( 1.000000000000000082E-05 ), #1426, 'distance_accuracy_value', 'NONE');
#2572 = ORIENTED_EDGE ( 'NONE', *, *, #2434, .F. ) ;
#2573 = DIRECTION ( 'NONE',  ( 0.000000000000000000, 0.000000000000000000, 1.000000000000000000 ) ) ;
#2574 = DIRECTION ( 'NONE',  ( 0.000000000000000000, 0.000000000000000000, 1.000000000000000000 ) ) ;
#2575 = DIRECTION ( 'NONE',  ( 0.000000000000000000, 0.000000000000000000, 1.000000000000000000 ) ) ;
#2576 = LINE ( 'NONE', #2344, #2515 ) ;
#2577 = AXIS2_PLACEMENT_3D ( 'NONE', #803, #1788, #29 ) ;
#2578 = ORIENTED_EDGE ( 'NONE', *, *, #212, .F. ) ;
#2579 = DIRECTION ( 'NONE',  ( -0.000000000000000000, -1.000000000000000000, -0.000000000000000000 ) ) ;
#2580 = SURFACE_SIDE_STYLE ('',( #2971 ) ) ;
#2581 = ORIENTED_EDGE ( 'NONE', *, *, #1063, .T. ) ;
#2582 = LINE ( 'NONE', #1098, #380 ) ;
#2583 = AXIS2_PLACEMENT_3D ( 'NONE', #315, #534, #2988 ) ;
#2584 = ORIENTED_EDGE ( 'NONE', *, *, #2628, .F. ) ;
#2585 = CARTESIAN_POINT ( 'NONE',  ( -0.2249999999999993672, -0.8323460818673934503, -0.5000000000000009992 ) ) ;
#2586 = DIRECTION ( 'NONE',  ( -0.000000000000000000, 1.000000000000000000, -0.000000000000000000 ) ) ;
#2587 = CARTESIAN_POINT ( 'NONE',  ( 0.3249999999999997891, -0.8323460818673934503, -0.9000000000000002442 ) ) ;
#2588 = VECTOR ( 'NONE', #2568, 1000.000000000000000 ) ;
#2589 = VERTEX_POINT ( 'NONE', #131 ) ;
#2590 = EDGE_CURVE ( 'NONE', #375, #2184, #3067, .T. ) ;
#2591 = DIRECTION ( 'NONE',  ( 0.000000000000000000, 0.000000000000000000, 1.000000000000000000 ) ) ;
#2592 = DIRECTION ( 'NONE',  ( 0.000000000000000000, 0.000000000000000000, -1.000000000000000000 ) ) ;
#2593 = CARTESIAN_POINT ( 'NONE',  ( -0.5499999999999998224, 0.8499999999999999778, -0.7500000000000004441 ) ) ;
#2594 = ORIENTED_EDGE ( 'NONE', *, *, #1188, .F. ) ;
#2595 = ORIENTED_EDGE ( 'NONE', *, *, #2863, .F. ) ;
#2596 = CARTESIAN_POINT ( 'NONE',  ( 0.6049999999999993161, 0.1999999999999999833, -0.3200000000000001732 ) ) ;
#2597 = CARTESIAN_POINT ( 'NONE',  ( -0.6049999999999995381, 0.05000000000000000278, 0.4200000000000006506 ) ) ;
#2598 = DIRECTION ( 'NONE',  ( 0.000000000000000000, 0.000000000000000000, 1.000000000000000000 ) ) ;
#2599 = LINE ( 'NONE', #1124, #467 ) ;
#2600 = ORIENTED_EDGE ( 'NONE', *, *, #437, .F. ) ;
#2601 = EDGE_CURVE ( 'NONE', #2813, #957, #940, .T. ) ;
#2602 = VERTEX_POINT ( 'NONE', #382 ) ;
#2603 = FACE_OUTER_BOUND ( 'NONE', #2874, .T. ) ;
#2604 = CARTESIAN_POINT ( 'NONE',  ( -0.7050000000000002931, 0.1999999999999999833, 0.7999999999999989342 ) ) ;
#2605 = ORIENTED_EDGE ( 'NONE', *, *, #138, .F. ) ;
#2606 = ORIENTED_EDGE ( 'NONE', *, *, #2657, .F. ) ;
#2607 = DIRECTION ( 'NONE',  ( -1.000000000000000000, 0.000000000000000000, 0.000000000000000000 ) ) ;
#2608 = DIRECTION ( 'NONE',  ( -0.000000000000000000, -1.000000000000000000, -0.000000000000000000 ) ) ;
#2609 = CIRCLE ( 'NONE', #1319, 0.1000000000000002554 ) ;
#2610 = ORIENTED_EDGE ( 'NONE', *, *, #2143, .T. ) ;
#2611 = CARTESIAN_POINT ( 'NONE',  ( 0.3249999999999996225, 0.1999999999999999833, 0.4200000000000009281 ) ) ;
#2612 = AXIS2_PLACEMENT_3D ( 'NONE', #1106, #2502, #2736 ) ;
#2613 = DIRECTION ( 'NONE',  ( 0.000000000000000000, -0.000000000000000000, 1.000000000000000000 ) ) ;
#2614 = CARTESIAN_POINT ( 'NONE',  ( -0.6049999999999994271, 0.1999999999999999833, -0.9000000000000003553 ) ) ;
#2615 = CIRCLE ( 'NONE', #1052, 0.1000000000000000472 ) ;
#2616 = ORIENTED_EDGE ( 'NONE', *, *, #2321, .T. ) ;
#2617 = DIRECTION ( 'NONE',  ( -1.426581805901984319E-16, 0.000000000000000000, 1.000000000000000000 ) ) ;
#2618 = AXIS2_PLACEMENT_3D ( 'NONE', #2076, #2338, #2782 ) ;
#2619 = DIRECTION ( 'NONE',  ( -1.000000000000000000, 0.000000000000000000, 0.000000000000000000 ) ) ;
#2620 = VECTOR ( 'NONE', #2941, 1000.000000000000000 ) ;
#2621 = ORIENTED_EDGE ( 'NONE', *, *, #2798, .T. ) ;
#2622 = CARTESIAN_POINT ( 'NONE',  ( 0.7050000000000005151, 0.000000000000000000, -0.7999999999999999334 ) ) ;
#2623 = DIRECTION ( 'NONE',  ( -0.000000000000000000, -1.000000000000000000, -0.000000000000000000 ) ) ;
#2624 = AXIS2_PLACEMENT_3D ( 'NONE', #2611, #2865, #2891 ) ;
#2625 = LINE ( 'NONE', #427, #1614 ) ;
#2626 =( NAMED_UNIT ( * ) SI_UNIT ( $, .STERADIAN. ) SOLID_ANGLE_UNIT ( ) );
#2627 = CARTESIAN_POINT ( 'NONE',  ( -0.3249999999999995115, 0.1999999999999999833, 0.4200000000000008726 ) ) ;
#2628 = EDGE_CURVE ( 'NONE', #1149, #2956, #871, .T. ) ;
#2629 = CARTESIAN_POINT ( 'NONE',  ( -0.7049999999999996270, 0.1999999999999999833, -0.4200000000000008726 ) ) ;
#2630 = DIRECTION ( 'NONE',  ( 0.000000000000000000, 0.000000000000000000, 1.000000000000000000 ) ) ;
#2631 = DIRECTION ( 'NONE',  ( -1.000000000000000000, -0.000000000000000000, -0.000000000000000000 ) ) ;
#2632 = DIRECTION ( 'NONE',  ( -0.000000000000000000, -1.000000000000000000, -0.000000000000000000 ) ) ;
#2633 = CARTESIAN_POINT ( 'NONE',  ( -0.7999999999999998224, 0.05000000000000000278, -1.000000000000000444 ) ) ;
#2634 = DIRECTION ( 'NONE',  ( 0.000000000000000000, 0.000000000000000000, -1.000000000000000000 ) ) ;
#2635 = DIRECTION ( 'NONE',  ( 0.000000000000000000, -0.000000000000000000, 1.000000000000000000 ) ) ;
#2636 = FACE_OUTER_BOUND ( 'NONE', #2859, .T. ) ;
#2637 = DIRECTION ( 'NONE',  ( -0.000000000000000000, 1.000000000000000000, -0.000000000000000000 ) ) ;
#2638 = MANIFOLD_SOLID_BREP ( 'Boss-Extrude3[4]', #1563 ) ;
#2639 = DIRECTION ( 'NONE',  ( -1.000000000000000000, 0.000000000000000000, -1.936075308009831389E-16 ) ) ;
#2640 = EDGE_CURVE ( 'NONE', #341, #66, #2026, .T. ) ;
#2641 = CIRCLE ( 'NONE', #1223, 0.1000000000000002554 ) ;
#2642 = APPLICATION_PROTOCOL_DEFINITION ( 'draft international standard', 'automotive_design', 1998, #3192 ) ;
#2643 = DIRECTION ( 'NONE',  ( -0.000000000000000000, -1.000000000000000000, -0.000000000000000000 ) ) ;
#2644 = FACE_OUTER_BOUND ( 'NONE', #1212, .T. ) ;
#2645 = VECTOR ( 'NONE', #1719, 1000.000000000000000 ) ;
#2646 = AXIS2_PLACEMENT_3D ( 'NONE', #492, #1808, #1089 ) ;
#2647 = CIRCLE ( 'NONE', #2725, 0.09999999999999993616 ) ;
#2648 = DIRECTION ( 'NONE',  ( 0.000000000000000000, 0.000000000000000000, 1.000000000000000000 ) ) ;
#2649 = CARTESIAN_POINT ( 'NONE',  ( -0.2249999999999992839, 0.1999999999999999833, 0.7999999999999996003 ) ) ;
#2650 = CARTESIAN_POINT ( 'NONE',  ( -0.3249999999999995115, 0.05000000000000000278, 0.4200000000000008726 ) ) ;
#2651 = AXIS2_PLACEMENT_3D ( 'NONE', #1381, #2411, #1871 ) ;
#2652 = FACE_OUTER_BOUND ( 'NONE', #2465, .T. ) ;
#2653 = DIRECTION ( 'NONE',  ( -1.000000000000000000, 0.000000000000000000, -5.421010862427509351E-16 ) ) ;
#2654 = DIRECTION ( 'NONE',  ( 0.000000000000000000, 0.000000000000000000, 1.000000000000000000 ) ) ;
#2655 = CIRCLE ( 'NONE', #2511, 0.1000000000000001027 ) ;
#2656 = CARTESIAN_POINT ( 'NONE',  ( -0.3249999999999993450, -0.8323460818673934503, -0.9000000000000002442 ) ) ;
#2657 = EDGE_CURVE ( 'NONE', #1865, #1229, #996, .T. ) ;
#2658 = DIRECTION ( 'NONE',  ( 0.000000000000000000, 0.000000000000000000, 1.000000000000000000 ) ) ;
#2659 = LINE ( 'NONE', #1607, #1592 ) ;
#2660 = VECTOR ( 'NONE', #412, 1000.000000000000000 ) ;
#2661 = EDGE_CURVE ( 'NONE', #759, #2920, #3122, .T. ) ;
#2662 = DIRECTION ( 'NONE',  ( 0.000000000000000000, -1.000000000000000000, 0.000000000000000000 ) ) ;
#2663 = VERTEX_POINT ( 'NONE', #3145 ) ;
#2664 = VECTOR ( 'NONE', #1877, 1000.000000000000000 ) ;
#2665 = VECTOR ( 'NONE', #1498, 1000.000000000000000 ) ;
#2666 = EDGE_CURVE ( 'NONE', #237, #920, #2181, .T. ) ;
#2667 = ORIENTED_EDGE ( 'NONE', *, *, #2497, .T. ) ;
#2668 = CYLINDRICAL_SURFACE ( 'NONE', #321, 0.1000000000000001027 ) ;
#2669 = CARTESIAN_POINT ( 'NONE',  ( -0.6049999999999994271, 0.1999999999999999833, -0.3200000000000003397 ) ) ;
#2670 = DIRECTION ( 'NONE',  ( -0.000000000000000000, 0.000000000000000000, 1.000000000000000000 ) ) ;
#2671 = CARTESIAN_POINT ( 'NONE',  ( -0.6050000000000000933, 0.1999999999999999833, -0.7999999999999998224 ) ) ;
#2672 = FACE_OUTER_BOUND ( 'NONE', #901, .T. ) ;
#2673 = DIRECTION ( 'NONE',  ( -0.000000000000000000, -1.000000000000000000, -0.000000000000000000 ) ) ;
#2674 = VERTEX_POINT ( 'NONE', #2265 ) ;
#2675 = FACE_OUTER_BOUND ( 'NONE', #2104, .T. ) ;
#2676 = CARTESIAN_POINT ( 'NONE',  ( -0.6049999999999993161, 0.1999999999999999833, -0.4200000000000009837 ) ) ;
#2677 = CARTESIAN_POINT ( 'NONE',  ( 0.7050000000000005151, 0.1999999999999999833, 0.7999999999999989342 ) ) ;
#2678 = VERTEX_POINT ( 'NONE', #503 ) ;
#2679 = VECTOR ( 'NONE', #622, 1000.000000000000000 ) ;
#2680 = AXIS2_PLACEMENT_3D ( 'NONE', #2325, #2526, #2395 ) ;
#2681 = EDGE_CURVE ( 'NONE', #2753, #2774, #3206, .T. ) ;
#2682 = VECTOR ( 'NONE', #544, 1000.000000000000000 ) ;
#2683 = ORIENTED_EDGE ( 'NONE', *, *, #2964, .F. ) ;
#2684 = LINE ( 'NONE', #2372, #2689 ) ;
#2685 = AXIS2_PLACEMENT_3D ( 'NONE', #589, #565, #3182 ) ;
#2686 = FACE_OUTER_BOUND ( 'NONE', #140, .T. ) ;
#2687 = ADVANCED_FACE ( 'NONE', ( #2063 ), #1290, .F. ) ;
#2688 = ORIENTED_EDGE ( 'NONE', *, *, #2497, .F. ) ;
#2689 = VECTOR ( 'NONE', #2579, 1000.000000000000000 ) ;
#2690 = CARTESIAN_POINT ( 'NONE',  ( -0.2249999999999994504, 0.1999999999999999833, -0.8000000000000004885 ) ) ;
#2691 = DIRECTION ( 'NONE',  ( 0.000000000000000000, 0.000000000000000000, 1.000000000000000000 ) ) ;
#2692 = DIRECTION ( 'NONE',  ( -0.000000000000000000, 1.000000000000000000, -0.000000000000000000 ) ) ;
#2693 = AXIS2_PLACEMENT_3D ( 'NONE', #1490, #2662, #3018 ) ;
#2694 = CIRCLE ( 'NONE', #1096, 0.09999999999999993616 ) ;
#2695 = ORIENTED_EDGE ( 'NONE', *, *, #175, .F. ) ;
#2696 = VECTOR ( 'NONE', #734, 1000.000000000000000 ) ;
#2697 = AXIS2_PLACEMENT_3D ( 'NONE', #1272, #41, #1057 ) ;
#2698 = DIRECTION ( 'NONE',  ( -0.000000000000000000, 1.000000000000000000, -0.000000000000000000 ) ) ;
#2699 = LINE ( 'NONE', #3007, #1722 ) ;
#2700 = CARTESIAN_POINT ( 'NONE',  ( -0.6049999999999993161, 0.000000000000000000, -0.4200000000000009837 ) ) ;
#2701 = ORIENTED_EDGE ( 'NONE', *, *, #1314, .T. ) ;
#2702 = LINE ( 'NONE', #694, #2723 ) ;
#2703 = EDGE_CURVE ( 'NONE', #1371, #3035, #3166, .T. ) ;
#2704 = DIRECTION ( 'NONE',  ( 0.000000000000000000, 1.000000000000000000, 0.000000000000000000 ) ) ;
#2705 = ORIENTED_EDGE ( 'NONE', *, *, #3105, .F. ) ;
#2706 = ADVANCED_FACE ( 'NONE', ( #2068 ), #3212, .F. ) ;
#2707 = EDGE_CURVE ( 'NONE', #997, #237, #3184, .T. ) ;
#2708 = LINE ( 'NONE', #1811, #1694 ) ;
#2709 = ORIENTED_EDGE ( 'NONE', *, *, #2112, .T. ) ;
#2710 = FACE_OUTER_BOUND ( 'NONE', #2091, .T. ) ;
#2711 = DIRECTION ( 'NONE',  ( -0.000000000000000000, 1.000000000000000000, -0.000000000000000000 ) ) ;
#2712 = DIRECTION ( 'NONE',  ( -0.000000000000000000, -1.000000000000000000, -0.000000000000000000 ) ) ;
#2713 = CARTESIAN_POINT ( 'NONE',  ( 0.6049999999999993161, 0.1999999999999999833, 0.3200000000000001732 ) ) ;
#2714 = FACE_OUTER_BOUND ( 'NONE', #1409, .T. ) ;
#2715 = CARTESIAN_POINT ( 'NONE',  ( 0.7049999999999992939, 0.1999999999999999833, -0.4200000000000006506 ) ) ;
#2716 = ORIENTED_EDGE ( 'NONE', *, *, #410, .T. ) ;
#2717 = VECTOR ( 'NONE', #2643, 1000.000000000000000 ) ;
#2718 = DIRECTION ( 'NONE',  ( 0.000000000000000000, -1.000000000000000000, 0.000000000000000000 ) ) ;
#2719 = VECTOR ( 'NONE', #2317, 1000.000000000000000 ) ;
#2720 =( GEOMETRIC_REPRESENTATION_CONTEXT ( 3 ) GLOBAL_UNCERTAINTY_ASSIGNED_CONTEXT ( ( #481 ) ) GLOBAL_UNIT_ASSIGNED_CONTEXT ( ( #2883, #950, #2626 ) ) REPRESENTATION_CONTEXT ( 'NONE', 'WORKASPACE' ) );
#2721 = DIRECTION ( 'NONE',  ( 0.000000000000000000, 0.000000000000000000, -1.000000000000000000 ) ) ;
#2722 = VERTEX_POINT ( 'NONE', #2957 ) ;
#2723 = VECTOR ( 'NONE', #2942, 1000.000000000000000 ) ;
#2724 = VECTOR ( 'NONE', #2698, 1000.000000000000000 ) ;
#2725 = AXIS2_PLACEMENT_3D ( 'NONE', #889, #865, #3112 ) ;
#2726 = PLANE ( 'NONE',  #1743 ) ;
#2727 = ORIENTED_EDGE ( 'NONE', *, *, #2527, .T. ) ;
#2728 = VECTOR ( 'NONE', #1406, 1000.000000000000000 ) ;
#2729 = FACE_OUTER_BOUND ( 'NONE', #2550, .T. ) ;
#2730 = PRESENTATION_LAYER_ASSIGNMENT (  '', '', ( #430 ) ) ;
#2731 = VECTOR ( 'NONE', #3081, 1000.000000000000000 ) ;
#2732 = DIRECTION ( 'NONE',  ( 1.000000000000000000, -0.000000000000000000, 0.000000000000000000 ) ) ;
#2733 = DIRECTION ( 'NONE',  ( -0.000000000000000000, -1.000000000000000000, -0.000000000000000000 ) ) ;
#2734 = ADVANCED_FACE ( 'NONE', ( #2107 ), #3196, .F. ) ;
#2735 = VECTOR ( 'NONE', #1351, 1000.000000000000000 ) ;
#2736 = DIRECTION ( 'NONE',  ( 0.000000000000000000, 0.000000000000000000, 1.000000000000000000 ) ) ;
#2737 = DIRECTION ( 'NONE',  ( 5.421010862427509351E-16, 0.000000000000000000, -1.000000000000000000 ) ) ;
#2738 = VERTEX_POINT ( 'NONE', #2458 ) ;
#2739 = FACE_BOUND ( 'NONE', #3186, .T. ) ;
#2740 = EDGE_CURVE ( 'NONE', #920, #2005, #1029, .T. ) ;
#2741 = DIRECTION ( 'NONE',  ( 1.000000000000000000, 0.000000000000000000, -1.936075308009828431E-16 ) ) ;
#2742 = CARTESIAN_POINT ( 'NONE',  ( -0.7999999999999998224, 0.05000000000000000278, 0.9999999999999995559 ) ) ;
#2743 = LINE ( 'NONE', #1919, #582 ) ;
#2744 = EDGE_CURVE ( 'NONE', #2914, #2805, #1072, .T. ) ;
#2745 = EDGE_LOOP ( 'NONE', ( #1334, #1303, #1450, #999 ) ) ;
#2746 = DIRECTION ( 'NONE',  ( -0.000000000000000000, 1.000000000000000000, -0.000000000000000000 ) ) ;
#2747 = DIRECTION ( 'NONE',  ( -5.421010862427509351E-16, 0.000000000000000000, -1.000000000000000000 ) ) ;
#2748 = CARTESIAN_POINT ( 'NONE',  ( -0.5499999999999998224, 0.8499999999999999778, -0.7500000000000004441 ) ) ;
#2749 = ORIENTED_EDGE ( 'NONE', *, *, #1338, .F. ) ;
#2750 = EDGE_CURVE ( 'NONE', #1017, #1136, #2136, .T. ) ;
#2751 = FACE_OUTER_BOUND ( 'NONE', #731, .T. ) ;
#2752 = CYLINDRICAL_SURFACE ( 'NONE', #1861, 0.1000000000000002554 ) ;
#2753 = VERTEX_POINT ( 'NONE', #2242 ) ;
#2754 = LINE ( 'NONE', #494, #1785 ) ;
#2755 = AXIS2_PLACEMENT_3D ( 'NONE', #2140, #2910, #2415 ) ;
#2756 = EDGE_CURVE ( 'NONE', #2512, #1923, #1115, .T. ) ;
#2757 = CARTESIAN_POINT ( 'NONE',  ( 0.3249999999999996225, 0.1999999999999999833, 0.4200000000000009281 ) ) ;
#2758 = DIRECTION ( 'NONE',  ( 0.000000000000000000, 1.000000000000000000, 0.000000000000000000 ) ) ;
#2759 = CIRCLE ( 'NONE', #1389, 0.1000000000000002137 ) ;
#2760 = DIRECTION ( 'NONE',  ( -0.000000000000000000, 0.000000000000000000, 1.000000000000000000 ) ) ;
#2761 = PLANE ( 'NONE',  #2618 ) ;
#2762 = ORIENTED_EDGE ( 'NONE', *, *, #1293, .F. ) ;
#2763 = VECTOR ( 'NONE', #3090, 1000.000000000000000 ) ;
#2764 = AXIS2_PLACEMENT_3D ( 'NONE', #2904, #3190, #2769 ) ;
#2765 = ADVANCED_FACE ( 'NONE', ( #2092 ), #1537, .F. ) ;
#2766 = DIRECTION ( 'NONE',  ( 1.084202172485503251E-15, 0.000000000000000000, 1.000000000000000000 ) ) ;
#2767 = PLANE ( 'NONE',  #2577 ) ;
#2768 = CYLINDRICAL_SURFACE ( 'NONE', #910, 0.1000000000000001027 ) ;
#2769 = DIRECTION ( 'NONE',  ( 0.000000000000000000, 0.000000000000000000, -1.000000000000000000 ) ) ;
#2770 = VECTOR ( 'NONE', #605, 1000.000000000000000 ) ;
#2771 = AXIS2_PLACEMENT_3D ( 'NONE', #3001, #70, #305 ) ;
#2772 = CARTESIAN_POINT ( 'NONE',  ( -0.7999999999999998224, 0.05000000000000000278, -1.000000000000000444 ) ) ;
#2773 = SURFACE_STYLE_USAGE ( .BOTH. , #1217 ) ;
#2774 = VERTEX_POINT ( 'NONE', #47 ) ;
#2775 = STYLED_ITEM ( 'NONE', ( #561 ), #1039 ) ;
#2776 = LINE ( 'NONE', #2033, #2719 ) ;
#2777 = LINE ( 'NONE', #1978, #706 ) ;
#2778 = CARTESIAN_POINT ( 'NONE',  ( -0.6049999999999994271, 0.1999999999999999833, -1.000000000000000444 ) ) ;
#2779 = EDGE_CURVE ( 'NONE', #1899, #2738, #2113, .T. ) ;
#2780 = CARTESIAN_POINT ( 'NONE',  ( -0.7049999999999992939, 0.1999999999999999833, 0.4200000000000008726 ) ) ;
#2781 = CARTESIAN_POINT ( 'NONE',  ( -0.3249999999999993450, 0.1999999999999999833, 0.8999999999999993561 ) ) ;
#2782 = DIRECTION ( 'NONE',  ( -1.000000000000000000, 0.000000000000000000, 0.000000000000000000 ) ) ;
#2783 = VERTEX_POINT ( 'NONE', #288 ) ;
#2784 = FACE_OUTER_BOUND ( 'NONE', #55, .T. ) ;
#2785 = EDGE_CURVE ( 'NONE', #2203, #720, #3203, .T. ) ;
#2786 = CARTESIAN_POINT ( 'NONE',  ( -0.6049999999999994271, 0.1999999999999999833, 0.9999999999999995559 ) ) ;
#2787 = VECTOR ( 'NONE', #1949, 1000.000000000000000 ) ;
#2788 = ORIENTED_EDGE ( 'NONE', *, *, #802, .T. ) ;
#2789 = CARTESIAN_POINT ( 'NONE',  ( -0.5499999999999998224, 0.7999999999999999334, -0.7500000000000004441 ) ) ;
#2790 = LINE ( 'NONE', #630, #1734 ) ;
#2791 = ADVANCED_FACE ( 'NONE', ( #1088 ), #1756, .T. ) ;
#2792 = VECTOR ( 'NONE', #2246, 1000.000000000000000 ) ;
#2793 = CARTESIAN_POINT ( 'NONE',  ( -0.3249999999999992895, 0.000000000000000000, 0.3200000000000005618 ) ) ;
#2794 = VERTEX_POINT ( 'NONE', #1908 ) ;
#2795 = VECTOR ( 'NONE', #1684, 1000.000000000000000 ) ;
#2796 = VECTOR ( 'NONE', #2474, 1000.000000000000000 ) ;
#2797 = PRESENTATION_LAYER_ASSIGNMENT (  '', '', ( #2496 ) ) ;
#2798 = EDGE_CURVE ( 'NONE', #1051, #282, #1129, .T. ) ;
#2799 = CARTESIAN_POINT ( 'NONE',  ( 0.3249999999999997891, 0.1999999999999999833, -0.8000000000000004885 ) ) ;
#2800 = FACE_OUTER_BOUND ( 'NONE', #2257, .T. ) ;
#2801 = CARTESIAN_POINT ( 'NONE',  ( 0.6049999999999998712, 0.05000000000000000278, 0.9999999999999995559 ) ) ;
#2802 = CARTESIAN_POINT ( 'NONE',  ( -0.6050000000000000933, 0.000000000000000000, 0.8999999999999992450 ) ) ;
#2803 = LINE ( 'NONE', #553, #660 ) ;
#2804 = AXIS2_PLACEMENT_3D ( 'NONE', #2715, #6, #1996 ) ;
#2805 = VERTEX_POINT ( 'NONE', #367 ) ;
#2806 = LINE ( 'NONE', #1366, #688 ) ;
#2807 = DIRECTION ( 'NONE',  ( -0.000000000000000000, 1.000000000000000000, -0.000000000000000000 ) ) ;
#2808 = LINE ( 'NONE', #1092, #592 ) ;
#2809 = AXIS2_PLACEMENT_3D ( 'NONE', #432, #1926, #2125 ) ;
#2810 = VERTEX_POINT ( 'NONE', #2408 ) ;
#2811 = LINE ( 'NONE', #1408, #2840 ) ;
#2812 = DIRECTION ( 'NONE',  ( 1.426581805901980621E-16, -0.000000000000000000, 1.000000000000000000 ) ) ;
#2813 = VERTEX_POINT ( 'NONE', #1602 ) ;
#2814 = VECTOR ( 'NONE', #1316, 1000.000000000000000 ) ;
#2815 = AXIS2_PLACEMENT_3D ( 'NONE', #658, #1457, #1392 ) ;
#2816 = ADVANCED_FACE ( 'NONE', ( #2147 ), #2126, .T. ) ;
#2817 = VECTOR ( 'NONE', #636, 1000.000000000000000 ) ;
#2818 = DIRECTION ( 'NONE',  ( -0.000000000000000000, 1.000000000000000000, -0.000000000000000000 ) ) ;
#2819 = EDGE_CURVE ( 'NONE', #1053, #2369, #3159, .T. ) ;
#2820 = VERTEX_POINT ( 'NONE', #2348 ) ;
#2821 = LINE ( 'NONE', #1237, #2868 ) ;
#2822 = CARTESIAN_POINT ( 'NONE',  ( -0.6049999999999994271, 0.1999999999999999833, 0.3200000000000003397 ) ) ;
#2823 = CARTESIAN_POINT ( 'NONE',  ( -0.6049999999999995381, 0.1999999999999999833, 0.4200000000000006506 ) ) ;
#2824 = LINE ( 'NONE', #1644, #775 ) ;
#2825 = PLANE ( 'NONE',  #2651 ) ;
#2826 = DIRECTION ( 'NONE',  ( -0.000000000000000000, 1.000000000000000000, -0.000000000000000000 ) ) ;
#2827 = ORIENTED_EDGE ( 'NONE', *, *, #2190, .F. ) ;
#2828 = EDGE_CURVE ( 'NONE', #1973, #2279, #2098, .T. ) ;
#2829 = LINE ( 'NONE', #477, #1697 ) ;
#2830 = EDGE_LOOP ( 'NONE', ( #2196, #2235, #1870, #193 ) ) ;
#2831 = DIRECTION ( 'NONE',  ( -0.7071067811865463515, 0.000000000000000000, 0.7071067811865487940 ) ) ;
#2832 = CARTESIAN_POINT ( 'NONE',  ( -0.7049999999999992939, 0.000000000000000000, 0.4200000000000008726 ) ) ;
#2833 = ORIENTED_EDGE ( 'NONE', *, *, #1828, .T. ) ;
#2834 = CARTESIAN_POINT ( 'NONE',  ( 0.3249999999999997891, 0.1999999999999999833, 0.7999999999999996003 ) ) ;
#2835 = LINE ( 'NONE', #2832, #641 ) ;
#2836 = ORIENTED_EDGE ( 'NONE', *, *, #708, .T. ) ;
#2837 = CARTESIAN_POINT ( 'NONE',  ( 0.3249999999999996225, -0.8323460818673934503, -0.4200000000000009281 ) ) ;
#2838 = DIRECTION ( 'NONE',  ( -0.000000000000000000, 1.000000000000000000, 0.000000000000000000 ) ) ;
#2839 = ORIENTED_EDGE ( 'NONE', *, *, #1139, .T. ) ;
#2840 = VECTOR ( 'NONE', #1564, 1000.000000000000000 ) ;
#2841 = CARTESIAN_POINT ( 'NONE',  ( 0.6049999999999993161, 0.1999999999999999833, -0.3200000000000001732 ) ) ;
#2842 = EDGE_CURVE ( 'NONE', #1051, #1954, #1064, .T. ) ;
#2843 = CARTESIAN_POINT ( 'NONE',  ( -0.6049999999999995381, -0.8323460818673934503, 0.4200000000000006506 ) ) ;
#2844 = ORIENTED_EDGE ( 'NONE', *, *, #441, .F. ) ;
#2845 = LINE ( 'NONE', #2985, #2814 ) ;
#2846 = ORIENTED_EDGE ( 'NONE', *, *, #1165, .T. ) ;
#2847 = DIRECTION ( 'NONE',  ( 1.000000000000000000, 0.000000000000000000, 1.426581805901984073E-16 ) ) ;
#2848 = CARTESIAN_POINT ( 'NONE',  ( -0.3249999999999993450, 0.1999999999999999833, -0.9000000000000002442 ) ) ;
#2849 = ADVANCED_FACE ( 'NONE', ( #9 ), #1077, .T. ) ;
#2850 = AXIS2_PLACEMENT_3D ( 'NONE', #2834, #850, #1422 ) ;
#2851 = CARTESIAN_POINT ( 'NONE',  ( -0.7049999999999992939, 0.000000000000000000, -0.4200000000000008726 ) ) ;
#2852 =( NAMED_UNIT ( * ) SI_UNIT ( $, .STERADIAN. ) SOLID_ANGLE_UNIT ( ) );
#2853 = VECTOR ( 'NONE', #2451, 1000.000000000000000 ) ;
#2854 = ORIENTED_EDGE ( 'NONE', *, *, #1104, .F. ) ;
#2855 = DIRECTION ( 'NONE',  ( 0.000000000000000000, 1.000000000000000000, 0.000000000000000000 ) ) ;
#2856 =( GEOMETRIC_REPRESENTATION_CONTEXT ( 3 ) GLOBAL_UNCERTAINTY_ASSIGNED_CONTEXT ( ( #1484 ) ) GLOBAL_UNIT_ASSIGNED_CONTEXT ( ( #2021, #1189, #1214 ) ) REPRESENTATION_CONTEXT ( 'NONE', 'WORKASPACE' ) );
#2857 = DIRECTION ( 'NONE',  ( 0.000000000000000000, 0.000000000000000000, -1.000000000000000000 ) ) ;
#2858 = PLANE ( 'NONE',  #424 ) ;
#2859 = EDGE_LOOP ( 'NONE', ( #1126, #3100, #726, #3170 ) ) ;
#2860 = DIRECTION ( 'NONE',  ( -0.000000000000000000, -1.000000000000000000, -0.000000000000000000 ) ) ;
#2861 = VECTOR ( 'NONE', #2721, 1000.000000000000000 ) ;
#2862 = ORIENTED_EDGE ( 'NONE', *, *, #365, .F. ) ;
#2863 = EDGE_CURVE ( 'NONE', #2481, #963, #1122, .T. ) ;
#2864 = CARTESIAN_POINT ( 'NONE',  ( 0.2249999999999997835, -0.8323460818673934503, 0.4200000000000007616 ) ) ;
#2865 = DIRECTION ( 'NONE',  ( 0.000000000000000000, -1.000000000000000000, 0.000000000000000000 ) ) ;
#2866 = CARTESIAN_POINT ( 'NONE',  ( 0.3249999999999996225, 0.05000000000000000278, 0.4200000000000009281 ) ) ;
#2867 = ORIENTED_EDGE ( 'NONE', *, *, #506, .T. ) ;
#2868 = VECTOR ( 'NONE', #1437, 1000.000000000000000 ) ;
#2869 = VERTEX_POINT ( 'NONE', #2428 ) ;
#2870 = EDGE_CURVE ( 'NONE', #963, #106, #3215, .T. ) ;
#2871 = CARTESIAN_POINT ( 'NONE',  ( 0.3249999999999997891, 0.05000000000000000278, 0.8999999999999993561 ) ) ;
#2872 = VERTEX_POINT ( 'NONE', #143 ) ;
#2873 = LINE ( 'NONE', #1789, #2770 ) ;
#2874 = EDGE_LOOP ( 'NONE', ( #1629, #1346, #2621, #92 ) ) ;
#2875 = DIRECTION ( 'NONE',  ( -2.282530889443178460E-15, 0.000000000000000000, 1.000000000000000000 ) ) ;
#2876 = PLANE ( 'NONE',  #737 ) ;
#2877 = EDGE_CURVE ( 'NONE', #134, #2208, #2162, .T. ) ;
#2878 = CARTESIAN_POINT ( 'NONE',  ( 0.2249999999999993394, 0.1999999999999999833, -0.4200000000000007061 ) ) ;
#2879 = DIRECTION ( 'NONE',  ( 0.000000000000000000, -1.000000000000000000, 0.000000000000000000 ) ) ;
#2880 = EDGE_LOOP ( 'NONE', ( #124, #2862, #2342, #1291 ) ) ;
#2881 = VECTOR ( 'NONE', #1012, 1000.000000000000000 ) ;
#2882 = CLOSED_SHELL ( 'NONE', ( #3014, #2155, #2313, #1541, #541, #2347, #3052, #491, #1824, #2564, #569, #2791 ) ) ;
#2883 =( LENGTH_UNIT ( ) NAMED_UNIT ( * ) SI_UNIT ( .MILLI., .METRE. ) );
#2884 = DIRECTION ( 'NONE',  ( 0.000000000000000000, -1.000000000000000000, 0.000000000000000000 ) ) ;
#2885 = CIRCLE ( 'NONE', #3167, 0.1000000000000001582 ) ;
#2886 = ORIENTED_EDGE ( 'NONE', *, *, #203, .F. ) ;
#2887 = CARTESIAN_POINT ( 'NONE',  ( -0.6050000000000000933, -0.8323460818673934503, -0.7999999999999998224 ) ) ;
#2888 = FACE_OUTER_BOUND ( 'NONE', #1635, .T. ) ;
#2889 = ORIENTED_EDGE ( 'NONE', *, *, #2274, .T. ) ;
#2890 = DIRECTION ( 'NONE',  ( 0.000000000000000000, 0.000000000000000000, -1.000000000000000000 ) ) ;
#2891 = DIRECTION ( 'NONE',  ( 1.084202172485502067E-15, 0.000000000000000000, 1.000000000000000000 ) ) ;
#2892 = LINE ( 'NONE', #2514, #762 ) ;
#2893 = EDGE_LOOP ( 'NONE', ( #86, #2273, #3050, #645 ) ) ;
#2894 = CIRCLE ( 'NONE', #2764, 0.1000000000000002554 ) ;
#2895 = ORIENTED_EDGE ( 'NONE', *, *, #338, .F. ) ;
#2896 = DIRECTION ( 'NONE',  ( 0.000000000000000000, 0.000000000000000000, 1.000000000000000000 ) ) ;
#2897 = DIRECTION ( 'NONE',  ( -0.000000000000000000, 1.000000000000000000, -0.000000000000000000 ) ) ;
#2898 = VECTOR ( 'NONE', #497, 1000.000000000000000 ) ;
#2899 = AXIS2_PLACEMENT_3D ( 'NONE', #2341, #2486, #1312 ) ;
#2900 = CYLINDRICAL_SURFACE ( 'NONE', #820, 0.09999999999999993616 ) ;
#2901 = ORIENTED_EDGE ( 'NONE', *, *, #2828, .T. ) ;
#2902 = CARTESIAN_POINT ( 'NONE',  ( -0.6050000000000000933, 0.000000000000000000, -0.7999999999999998224 ) ) ;
#2903 = CARTESIAN_POINT ( 'NONE',  ( -0.3249999999999992895, 0.000000000000000000, 0.9999999999999995559 ) ) ;
#2904 = CARTESIAN_POINT ( 'NONE',  ( 0.6050000000000005373, 0.1999999999999999833, -0.7999999999999998224 ) ) ;
#2905 = LINE ( 'NONE', #2363, #813 ) ;
#2906 = ORIENTED_EDGE ( 'NONE', *, *, #1872, .T. ) ;
#2907 = VECTOR ( 'NONE', #1693, 1000.000000000000000 ) ;
#2908 = VERTEX_POINT ( 'NONE', #2871 ) ;
#2909 = PRESENTATION_LAYER_ASSIGNMENT (  '', '', ( #868 ) ) ;
#2910 = DIRECTION ( 'NONE',  ( 0.000000000000000000, 0.000000000000000000, 1.000000000000000000 ) ) ;
#2911 = DIRECTION ( 'NONE',  ( -0.000000000000000000, -1.000000000000000000, -0.000000000000000000 ) ) ;
#2912 = FACE_OUTER_BOUND ( 'NONE', #241, .T. ) ;
#2913 = FACE_OUTER_BOUND ( 'NONE', #2880, .T. ) ;
#2914 = VERTEX_POINT ( 'NONE', #834 ) ;
#2915 = EDGE_CURVE ( 'NONE', #218, #474, #1112, .T. ) ;
#2916 = ADVANCED_FACE ( 'NONE', ( #2166 ), #1586, .F. ) ;
#2917 = CARTESIAN_POINT ( 'NONE',  ( 0.2249999999999993394, 0.000000000000000000, -0.4200000000000007061 ) ) ;
#2918 = CIRCLE ( 'NONE', #2356, 0.1000000000000002554 ) ;
#2919 = PLANE ( 'NONE',  #1323 ) ;
#2920 = VERTEX_POINT ( 'NONE', #1399 ) ;
#2921 = LINE ( 'NONE', #1679, #786 ) ;
#2922 = ORIENTED_EDGE ( 'NONE', *, *, #771, .F. ) ;
#2923 = DIRECTION ( 'NONE',  ( 0.000000000000000000, 0.000000000000000000, -1.000000000000000000 ) ) ;
#2924 = ORIENTED_EDGE ( 'NONE', *, *, #2744, .T. ) ;
#2925 = EDGE_CURVE ( 'NONE', #293, #3104, #14, .T. ) ;
#2926 = DIRECTION ( 'NONE',  ( -5.421010862427508365E-16, 0.000000000000000000, 1.000000000000000000 ) ) ;
#2927 = DIRECTION ( 'NONE',  ( 0.000000000000000000, 0.000000000000000000, 1.000000000000000000 ) ) ;
#2928 = VERTEX_POINT ( 'NONE', #2367 ) ;
#2929 = EDGE_CURVE ( 'NONE', #2507, #2138, #2174, .T. ) ;
#2930 = DIRECTION ( 'NONE',  ( 0.000000000000000000, -0.000000000000000000, 1.000000000000000000 ) ) ;
#2931 = EDGE_LOOP ( 'NONE', ( #594, #1560, #785, #1300 ) ) ;
#2932 = AXIS2_PLACEMENT_3D ( 'NONE', #1547, #1268, #2318 ) ;
#2933 = DIRECTION ( 'NONE',  ( -0.000000000000000000, 1.000000000000000000, -0.000000000000000000 ) ) ;
#2934 = SURFACE_STYLE_FILL_AREA ( #2172 ) ;
#2935 = DIRECTION ( 'NONE',  ( -2.710505431213765522E-16, 0.000000000000000000, 1.000000000000000000 ) ) ;
#2936 = LINE ( 'NONE', #246, #2881 ) ;
#2937 = ORIENTED_EDGE ( 'NONE', *, *, #3188, .T. ) ;
#2938 = CARTESIAN_POINT ( 'NONE',  ( -0.2249999999999993672, 0.1999999999999999833, -0.5000000000000009992 ) ) ;
#2939 = AXIS2_PLACEMENT_3D ( 'NONE', #67, #304, #817 ) ;
#2940 = ORIENTED_EDGE ( 'NONE', *, *, #637, .F. ) ;
#2941 = DIRECTION ( 'NONE',  ( -0.000000000000000000, -1.000000000000000000, -0.000000000000000000 ) ) ;
#2942 = DIRECTION ( 'NONE',  ( -2.710505431213765522E-16, 0.000000000000000000, 1.000000000000000000 ) ) ;
#2943 = AXIS2_PLACEMENT_3D ( 'NONE', #2866, #1903, #877 ) ;
#2944 = DIRECTION ( 'NONE',  ( -0.000000000000000000, 1.000000000000000000, 0.000000000000000000 ) ) ;
#2945 = CYLINDRICAL_SURFACE ( 'NONE', #2211, 0.1000000000000002554 ) ;
#2946 = ORIENTED_EDGE ( 'NONE', *, *, #1689, .T. ) ;
#2947 = EDGE_CURVE ( 'NONE', #1814, #2872, #23, .T. ) ;
#2948 = DIRECTION ( 'NONE',  ( 0.000000000000000000, 0.000000000000000000, 1.000000000000000000 ) ) ;
#2949 = VECTOR ( 'NONE', #2561, 1000.000000000000000 ) ;
#2950 = EDGE_CURVE ( 'NONE', #1131, #1051, #36, .T. ) ;
#2951 = CARTESIAN_POINT ( 'NONE',  ( -0.7999999999999998224, 0.8500000000000000888, -1.000000000000000444 ) ) ;
#2952 = COLOUR_RGB ( '',0.7921568627450980005, 0.8196078431372548767, 0.9333333333333333481 ) ;
#2953 = CARTESIAN_POINT ( 'NONE',  ( 0.3249999999999997891, 0.000000000000000000, 0.8999999999999995781 ) ) ;
#2954 = VECTOR ( 'NONE', #373, 1000.000000000000000 ) ;
#2955 = ADVANCED_FACE ( 'NONE', ( #1015 ), #62, .T. ) ;
#2956 = VERTEX_POINT ( 'NONE', #2157 ) ;
#2957 = CARTESIAN_POINT ( 'NONE',  ( 0.3249999999999997335, 0.1999999999999999833, 0.9999999999999995559 ) ) ;
#2958 = CYLINDRICAL_SURFACE ( 'NONE', #656, 0.1000000000000001027 ) ;
#2959 = CARTESIAN_POINT ( 'NONE',  ( -0.6049999999999994271, 0.1999999999999999833, 0.8999999999999994671 ) ) ;
#2960 = PLANE ( 'NONE',  #1615 ) ;
#2961 = CARTESIAN_POINT ( 'NONE',  ( 0.7049999999999997380, 0.1999999999999999833, 0.4200000000000006506 ) ) ;
#2962 = CARTESIAN_POINT ( 'NONE',  ( 0.7049999999999997380, -0.8323460818673934503, 0.4200000000000006506 ) ) ;
#2963 = AXIS2_PLACEMENT_3D ( 'NONE', #1593, #2855, #404 ) ;
#2964 = EDGE_CURVE ( 'NONE', #2252, #282, #2269, .T. ) ;
#2965 = COLOUR_RGB ( '',0.7921568627450980005, 0.8196078431372548767, 0.9333333333333333481 ) ;
#2966 = ORIENTED_EDGE ( 'NONE', *, *, #1165, .F. ) ;
#2967 = ORIENTED_EDGE ( 'NONE', *, *, #2666, .F. ) ;
#2968 = PLANE ( 'NONE',  #2583 ) ;
#2969 = LINE ( 'NONE', #1394, #1758 ) ;
#2970 =( GEOMETRIC_REPRESENTATION_CONTEXT ( 3 ) GLOBAL_UNCERTAINTY_ASSIGNED_CONTEXT ( ( #1630 ) ) GLOBAL_UNIT_ASSIGNED_CONTEXT ( ( #2116, #1156, #1390 ) ) REPRESENTATION_CONTEXT ( 'NONE', 'WORKASPACE' ) );
#2971 = SURFACE_STYLE_FILL_AREA ( #185 ) ;
#2972 = ORIENTED_EDGE ( 'NONE', *, *, #1672, .T. ) ;
#2973 = ORIENTED_EDGE ( 'NONE', *, *, #2785, .F. ) ;
#2974 = CARTESIAN_POINT ( 'NONE',  ( -0.3249999999999995115, 0.1999999999999999833, 0.4200000000000008726 ) ) ;
#2975 = CARTESIAN_POINT ( 'NONE',  ( -0.3249999999999993450, 0.000000000000000000, 0.7999999999999996003 ) ) ;
#2976 = DIRECTION ( 'NONE',  ( 1.000000000000000000, 0.000000000000000000, -1.936075308009831389E-16 ) ) ;
#2977 = MECHANICAL_DESIGN_GEOMETRIC_PRESENTATION_REPRESENTATION (  '', ( #430 ), #1231 ) ;
#2978 = ORIENTED_EDGE ( 'NONE', *, *, #1271, .F. ) ;
#2979 = FACE_OUTER_BOUND ( 'NONE', #1987, .T. ) ;
#2980 = VECTOR ( 'NONE', #1575, 1000.000000000000000 ) ;
#2981 = ADVANCED_FACE ( 'NONE', ( #142 ), #1627, .F. ) ;
#2982 = DIRECTION ( 'NONE',  ( -0.000000000000000000, 1.000000000000000000, -0.000000000000000000 ) ) ;
#2983 = EDGE_CURVE ( 'NONE', #291, #745, #2251, .T. ) ;
#2984 = ORIENTED_EDGE ( 'NONE', *, *, #3179, .F. ) ;
#2985 = CARTESIAN_POINT ( 'NONE',  ( -0.7999999999999998224, 0.05000000000000000278, -1.000000000000000444 ) ) ;
#2986 = CARTESIAN_POINT ( 'NONE',  ( -0.6049999999999994271, 0.1999999999999999833, -0.9000000000000003553 ) ) ;
#2987 = EDGE_CURVE ( 'NONE', #282, #3070, #128, .T. ) ;
#2988 = DIRECTION ( 'NONE',  ( -5.421010862427508365E-16, 0.000000000000000000, -1.000000000000000000 ) ) ;
#2989 = ORIENTED_EDGE ( 'NONE', *, *, #1988, .T. ) ;
#2990 = VECTOR ( 'NONE', #20, 1000.000000000000000 ) ;
#2991 = LINE ( 'NONE', #1538, #799 ) ;
#2992 = EDGE_CURVE ( 'NONE', #312, #2928, #1157, .T. ) ;
#2993 = ORIENTED_EDGE ( 'NONE', *, *, #896, .F. ) ;
#2994 = CARTESIAN_POINT ( 'NONE',  ( 0.3249999999999997891, -0.8323460818673934503, 0.7999999999999996003 ) ) ;
#2995 = ORIENTED_EDGE ( 'NONE', *, *, #175, .T. ) ;
#2996 = CYLINDRICAL_SURFACE ( 'NONE', #2548, 0.09999999999999993616 ) ;
#2997 = SURFACE_STYLE_FILL_AREA ( #1134 ) ;
#2998 = PLANE ( 'NONE',  #2939 ) ;
#2999 = ORIENTED_EDGE ( 'NONE', *, *, #1570, .F. ) ;
#3000 = DIRECTION ( 'NONE',  ( 1.000000000000000000, 0.000000000000000000, -1.936075308009828431E-16 ) ) ;
#3001 = CARTESIAN_POINT ( 'NONE',  ( -0.3249999999999993450, 0.1999999999999999833, 0.7999999999999996003 ) ) ;
#3002 = ORIENTED_EDGE ( 'NONE', *, *, #2340, .F. ) ;
#3003 = LINE ( 'NONE', #2649, #875 ) ;
#3004 = FACE_OUTER_BOUND ( 'NONE', #1235, .T. ) ;
#3005 = CARTESIAN_POINT ( 'NONE',  ( -0.3249999999999993450, 0.05000000000000000278, 0.8999999999999993561 ) ) ;
#3006 = ORIENTED_EDGE ( 'NONE', *, *, #695, .T. ) ;
#3007 = CARTESIAN_POINT ( 'NONE',  ( 0.8000000000000002665, 4.261249694973138880, -1.000000000000000444 ) ) ;
#3008 = EDGE_CURVE ( 'NONE', #1239, #2774, #1250, .T. ) ;
#3009 = PLANE ( 'NONE',  #186 ) ;
#3010 = VECTOR ( 'NONE', #1509, 1000.000000000000000 ) ;
#3011 = CIRCLE ( 'NONE', #496, 0.09999999999999993616 ) ;
#3012 = VECTOR ( 'NONE', #2396, 1000.000000000000000 ) ;
#3013 = VECTOR ( 'NONE', #1790, 1000.000000000000000 ) ;
#3014 = ADVANCED_FACE ( 'NONE', ( #2236 ), #3034, .F. ) ;
#3015 = ORIENTED_EDGE ( 'NONE', *, *, #1927, .F. ) ;
#3016 = CARTESIAN_POINT ( 'NONE',  ( 0.7049999999999997380, 0.000000000000000000, -0.4200000000000006506 ) ) ;
#3017 = AXIS2_PLACEMENT_3D ( 'NONE', #1463, #667, #1226 ) ;
#3018 = DIRECTION ( 'NONE',  ( 0.000000000000000000, 0.000000000000000000, 1.000000000000000000 ) ) ;
#3019 = LINE ( 'NONE', #1745, #982 ) ;
#3020 = LINE ( 'NONE', #1731, #2990 ) ;
#3021 = LINE ( 'NONE', #327, #3025 ) ;
#3022 = ORIENTED_EDGE ( 'NONE', *, *, #405, .F. ) ;
#3023 = AXIS2_PLACEMENT_3D ( 'NONE', #2757, #333, #1361 ) ;
#3024 = VECTOR ( 'NONE', #2102, 1000.000000000000000 ) ;
#3025 = VECTOR ( 'NONE', #555, 1000.000000000000000 ) ;
#3026 = CARTESIAN_POINT ( 'NONE',  ( 0.3249999999999997891, -0.8323460818673934503, -0.9000000000000002442 ) ) ;
#3027 = ORIENTED_EDGE ( 'NONE', *, *, #1927, .T. ) ;
#3028 = CARTESIAN_POINT ( 'NONE',  ( 0.3249999999999997891, 0.1999999999999999833, -0.8000000000000004885 ) ) ;
#3029 = ORIENTED_EDGE ( 'NONE', *, *, #1375, .F. ) ;
#3030 = EDGE_CURVE ( 'NONE', #1014, #316, #1151, .T. ) ;
#3031 = LINE ( 'NONE', #2454, #968 ) ;
#3032 = LINE ( 'NONE', #3118, #917 ) ;
#3033 = CIRCLE ( 'NONE', #317, 0.09999999999999993616 ) ;
#3034 = PLANE ( 'NONE',  #1384 ) ;
#3035 = VERTEX_POINT ( 'NONE', #1350 ) ;
#3036 = CARTESIAN_POINT ( 'NONE',  ( 0.7049999999999992939, 0.000000000000000000, 0.4200000000000006506 ) ) ;
#3037 = CARTESIAN_POINT ( 'NONE',  ( 0.2249999999999997280, 0.1999999999999999833, -0.8000000000000004885 ) ) ;
#3038 = CARTESIAN_POINT ( 'NONE',  ( 0.8000000000000002665, 0.05000000000000000278, 0.9999999999999995559 ) ) ;
#3039 = LINE ( 'NONE', #168, #3024 ) ;
#3040 = VECTOR ( 'NONE', #2060, 1000.000000000000000 ) ;
#3041 = ORIENTED_EDGE ( 'NONE', *, *, #2371, .T. ) ;
#3042 = PLANE ( 'NONE',  #2328 ) ;
#3043 =( NAMED_UNIT ( * ) PLANE_ANGLE_UNIT ( ) SI_UNIT ( $, .RADIAN. ) );
#3044 = EDGE_CURVE ( 'NONE', #1603, #445, #82, .T. ) ;
#3045 = ORIENTED_EDGE ( 'NONE', *, *, #1766, .F. ) ;
#3046 = SURFACE_STYLE_FILL_AREA ( #1170 ) ;
#3047 = VECTOR ( 'NONE', #207, 1000.000000000000000 ) ;
#3048 = ADVANCED_FACE ( 'NONE', ( #108 ), #2081, .T. ) ;
#3049 = ORIENTED_EDGE ( 'NONE', *, *, #2405, .T. ) ;
#3050 = ORIENTED_EDGE ( 'NONE', *, *, #437, .T. ) ;
#3051 = FACE_OUTER_BOUND ( 'NONE', #545, .T. ) ;
#3052 = ADVANCED_FACE ( 'NONE', ( #2228 ), #50, .F. ) ;
#3053 = VECTOR ( 'NONE', #1180, 1000.000000000000000 ) ;
#3054 = DIRECTION ( 'NONE',  ( 1.936075308009831389E-16, 0.000000000000000000, 1.000000000000000000 ) ) ;
#3055 = ORIENTED_EDGE ( 'NONE', *, *, #629, .F. ) ;
#3056 = CARTESIAN_POINT ( 'NONE',  ( 0.6049999999999997602, 0.000000000000000000, -0.4200000000000008171 ) ) ;
#3057 = ORIENTED_EDGE ( 'NONE', *, *, #926, .F. ) ;
#3058 = ORIENTED_EDGE ( 'NONE', *, *, #180, .F. ) ;
#3059 = VECTOR ( 'NONE', #2048, 1000.000000000000000 ) ;
#3060 = LINE ( 'NONE', #1466, #1946 ) ;
#3061 = DIRECTION ( 'NONE',  ( -5.421010862427509351E-16, 0.000000000000000000, 1.000000000000000000 ) ) ;
#3062 = ORIENTED_EDGE ( 'NONE', *, *, #2628, .T. ) ;
#3063 = DIRECTION ( 'NONE',  ( -1.000000000000000000, -0.000000000000000000, -0.000000000000000000 ) ) ;
#3064 = ORIENTED_EDGE ( 'NONE', *, *, #2925, .F. ) ;
#3065 = DIRECTION ( 'NONE',  ( -0.000000000000000000, 1.000000000000000000, -0.000000000000000000 ) ) ;
#3066 = ORIENTED_EDGE ( 'NONE', *, *, #2569, .F. ) ;
#3067 = LINE ( 'NONE', #1210, #3047 ) ;
#3068 = AXIS2_PLACEMENT_3D ( 'NONE', #2249, #12, #2475 ) ;
#3069 = ORIENTED_EDGE ( 'NONE', *, *, #535, .T. ) ;
#3070 = VERTEX_POINT ( 'NONE', #127 ) ;
#3071 = LINE ( 'NONE', #2238, #1955 ) ;
#3072 = AXIS2_PLACEMENT_3D ( 'NONE', #2403, #137, #2345 ) ;
#3073 = ORIENTED_EDGE ( 'NONE', *, *, #1024, .F. ) ;
#3074 = DIRECTION ( 'NONE',  ( -0.000000000000000000, -1.000000000000000000, -0.000000000000000000 ) ) ;
#3075 = ORIENTED_EDGE ( 'NONE', *, *, #1853, .F. ) ;
#3076 = VERTEX_POINT ( 'NONE', #434 ) ;
#3077 = PLANE ( 'NONE',  #196 ) ;
#3078 = CARTESIAN_POINT ( 'NONE',  ( 0.7050000000000005151, 0.05000000000000000278, 0.7999999999999989342 ) ) ;
#3079 = ADVANCED_FACE ( 'NONE', ( #2219 ), #69, .F. ) ;
#3080 = VERTEX_POINT ( 'NONE', #1248 ) ;
#3081 = DIRECTION ( 'NONE',  ( 4.279745417705952464E-16, -0.000000000000000000, 1.000000000000000000 ) ) ;
#3082 = ORIENTED_EDGE ( 'NONE', *, *, #2703, .T. ) ;
#3083 = VERTEX_POINT ( 'NONE', #2506 ) ;
#3084 = VECTOR ( 'NONE', #748, 1000.000000000000000 ) ;
#3085 = VECTOR ( 'NONE', #1476, 1000.000000000000000 ) ;
#3086 = DIRECTION ( 'NONE',  ( 5.421010862427508365E-16, -0.000000000000000000, -1.000000000000000000 ) ) ;
#3087 = EDGE_CURVE ( 'NONE', #2820, #3083, #161, .T. ) ;
#3088 = ORIENTED_EDGE ( 'NONE', *, *, #2061, .T. ) ;
#3089 = DIRECTION ( 'NONE',  ( 0.000000000000000000, 0.000000000000000000, 1.000000000000000000 ) ) ;
#3090 = DIRECTION ( 'NONE',  ( -0.000000000000000000, -1.000000000000000000, -0.000000000000000000 ) ) ;
#3091 = ORIENTED_EDGE ( 'NONE', *, *, #2562, .F. ) ;
#3092 = DIRECTION ( 'NONE',  ( 0.000000000000000000, 1.000000000000000000, 0.000000000000000000 ) ) ;
#3093 = VERTEX_POINT ( 'NONE', #27 ) ;
#3094 = VECTOR ( 'NONE', #428, 1000.000000000000000 ) ;
#3095 = CYLINDRICAL_SURFACE ( 'NONE', #1473, 0.1000000000000002554 ) ;
#3096 = EDGE_CURVE ( 'NONE', #2738, #1135, #88, .T. ) ;
#3097 = ORIENTED_EDGE ( 'NONE', *, *, #624, .T. ) ;
#3098 = DIRECTION ( 'NONE',  ( -0.000000000000000000, 1.000000000000000000, -0.000000000000000000 ) ) ;
#3099 = CARTESIAN_POINT ( 'NONE',  ( -0.6049999999999994271, 0.000000000000000000, 0.3200000000000003397 ) ) ;
#3100 = ORIENTED_EDGE ( 'NONE', *, *, #758, .T. ) ;
#3101 = LINE ( 'NONE', #1301, #3010 ) ;
#3102 = FACE_OUTER_BOUND ( 'NONE', #971, .T. ) ;
#3103 = VECTOR ( 'NONE', #2419, 1000.000000000000000 ) ;
#3104 = VERTEX_POINT ( 'NONE', #2221 ) ;
#3105 = EDGE_CURVE ( 'NONE', #3080, #3173, #120, .T. ) ;
#3106 = DIRECTION ( 'NONE',  ( -5.421010862427508365E-16, 0.000000000000000000, -1.000000000000000000 ) ) ;
#3107 = VERTEX_POINT ( 'NONE', #505 ) ;
#3108 = CARTESIAN_POINT ( 'NONE',  ( 0.6049999999999998712, 0.1999999999999999833, 0.8999999999999992450 ) ) ;
#3109 = LINE ( 'NONE', #1639, #2059 ) ;
#3110 = CARTESIAN_POINT ( 'NONE',  ( 0.3249999999999996225, 0.1999999999999999833, -0.4200000000000009281 ) ) ;
#3111 = ORIENTED_EDGE ( 'NONE', *, *, #1998, .T. ) ;
#3112 = DIRECTION ( 'NONE',  ( 0.000000000000000000, 0.000000000000000000, 1.000000000000000000 ) ) ;
#3113 = CARTESIAN_POINT ( 'NONE',  ( 0.3249999999999997335, 0.1999999999999999833, -1.000000000000000444 ) ) ;
#3114 = AXIS2_PLACEMENT_3D ( 'NONE', #2432, #946, #2639 ) ;
#3115 = ORIENTED_EDGE ( 'NONE', *, *, #199, .F. ) ;
#3116 = CIRCLE ( 'NONE', #1728, 0.1000000000000001582 ) ;
#3117 = ORIENTED_EDGE ( 'NONE', *, *, #1945, .F. ) ;
#3118 = CARTESIAN_POINT ( 'NONE',  ( -0.7049999999999992939, 0.1999999999999999833, 0.4200000000000008726 ) ) ;
#3119 = AXIS2_PLACEMENT_3D ( 'NONE', #407, #1209, #2930 ) ;
#3120 = ORIENTED_EDGE ( 'NONE', *, *, #2601, .F. ) ;
#3121 = ORIENTED_EDGE ( 'NONE', *, *, #472, .F. ) ;
#3122 = LINE ( 'NONE', #2629, #16 ) ;
#3123 = ORIENTED_EDGE ( 'NONE', *, *, #501, .F. ) ;
#3124 = DIRECTION ( 'NONE',  ( -0.000000000000000000, 1.000000000000000000, -0.000000000000000000 ) ) ;
#3125 = CARTESIAN_POINT ( 'NONE',  ( -0.7050000000000000711, 0.1999999999999999833, -0.7999999999999998224 ) ) ;
#3126 = ORIENTED_EDGE ( 'NONE', *, *, #2285, .T. ) ;
#3127 = EDGE_CURVE ( 'NONE', #1780, #1973, #2299, .T. ) ;
#3128 = LINE ( 'NONE', #2986, #3040 ) ;
#3129 = ORIENTED_EDGE ( 'NONE', *, *, #1874, .T. ) ;
#3130 = DIRECTION ( 'NONE',  ( -0.000000000000000000, 1.000000000000000000, -0.000000000000000000 ) ) ;
#3131 = EDGE_CURVE ( 'NONE', #3210, #2783, #56, .T. ) ;
#3132 = DIRECTION ( 'NONE',  ( 0.000000000000000000, -1.000000000000000000, 0.000000000000000000 ) ) ;
#3133 = LINE ( 'NONE', #928, #893 ) ;
#3134 = CARTESIAN_POINT ( 'NONE',  ( -0.5499999999999998224, 0.5171572875253804824, -0.7500000000000004441 ) ) ;
#3135 = VERTEX_POINT ( 'NONE', #2293 ) ;
#3136 = DIRECTION ( 'NONE',  ( 2.282530889443173727E-15, -0.000000000000000000, 1.000000000000000000 ) ) ;
#3137 = EDGE_CURVE ( 'NONE', #1094, #474, #1224, .T. ) ;
#3138 = ORIENTED_EDGE ( 'NONE', *, *, #2601, .T. ) ;
#3139 = VECTOR ( 'NONE', #615, 1000.000000000000000 ) ;
#3140 = DIRECTION ( 'NONE',  ( 0.000000000000000000, -1.000000000000000000, 0.000000000000000000 ) ) ;
#3141 = FACE_OUTER_BOUND ( 'NONE', #1819, .T. ) ;
#3142 = EDGE_LOOP ( 'NONE', ( #2189, #2183, #1328, #930 ) ) ;
#3143 = DIRECTION ( 'NONE',  ( 3.423796334164766704E-15, 0.000000000000000000, 1.000000000000000000 ) ) ;
#3144 = ORIENTED_EDGE ( 'NONE', *, *, #1594, .F. ) ;
#3145 = CARTESIAN_POINT ( 'NONE',  ( -0.5499999999999998224, 0.8499999999999999778, -0.8500000000000006439 ) ) ;
#3146 = VECTOR ( 'NONE', #3074, 1000.000000000000000 ) ;
#3147 = ADVANCED_FACE ( 'NONE', ( #148 ), #1186, .F. ) ;
#3148 = VECTOR ( 'NONE', #2933, 1000.000000000000000 ) ;
#3149 = ORIENTED_EDGE ( 'NONE', *, *, #451, .F. ) ;
#3150 = PLANE ( 'NONE',  #1103 ) ;
#3151 = ORIENTED_EDGE ( 'NONE', *, *, #708, .F. ) ;
#3152 = ORIENTED_EDGE ( 'NONE', *, *, #2274, .F. ) ;
#3153 = DIRECTION ( 'NONE',  ( 0.000000000000000000, 1.000000000000000000, 0.000000000000000000 ) ) ;
#3154 = EDGE_CURVE ( 'NONE', #1132, #167, #1204, .T. ) ;
#3155 = LINE ( 'NONE', #683, #3148 ) ;
#3156 = ORIENTED_EDGE ( 'NONE', *, *, #2863, .T. ) ;
#3157 = ORIENTED_EDGE ( 'NONE', *, *, #87, .T. ) ;
#3158 = DIRECTION ( 'NONE',  ( 0.000000000000000000, 0.000000000000000000, 1.000000000000000000 ) ) ;
#3159 = LINE ( 'NONE', #348, #3146 ) ;
#3160 =( GEOMETRIC_REPRESENTATION_CONTEXT ( 3 ) GLOBAL_UNCERTAINTY_ASSIGNED_CONTEXT ( ( #2376 ) ) GLOBAL_UNIT_ASSIGNED_CONTEXT ( ( #439, #2412, #2852 ) ) REPRESENTATION_CONTEXT ( 'NONE', 'WORKASPACE' ) );
#3161 = FACE_OUTER_BOUND ( 'NONE', #270, .T. ) ;
#3162 = VERTEX_POINT ( 'NONE', #1856 ) ;
#3163 = CARTESIAN_POINT ( 'NONE',  ( -0.7049999999999996270, 0.000000000000000000, -0.4200000000000008726 ) ) ;
#3164 = EDGE_LOOP ( 'NONE', ( #831, #21, #3123, #1963 ) ) ;
#3165 = ORIENTED_EDGE ( 'NONE', *, *, #1528, .F. ) ;
#3166 = LINE ( 'NONE', #471, #2156 ) ;
#3167 = AXIS2_PLACEMENT_3D ( 'NONE', #2748, #84, #1028 ) ;
#3168 = ORIENTED_EDGE ( 'NONE', *, *, #2431, .F. ) ;
#3169 = DIRECTION ( 'NONE',  ( -0.000000000000000000, -1.000000000000000000, -0.000000000000000000 ) ) ;
#3170 = ORIENTED_EDGE ( 'NONE', *, *, #1271, .T. ) ;
#3171 = DIRECTION ( 'NONE',  ( -5.421010862427509351E-16, 0.000000000000000000, -1.000000000000000000 ) ) ;
#3172 = FACE_OUTER_BOUND ( 'NONE', #1640, .T. ) ;
#3173 = VERTEX_POINT ( 'NONE', #1386 ) ;
#3174 = EDGE_CURVE ( 'NONE', #2213, #1317, #2306, .T. ) ;
#3175 = CARTESIAN_POINT ( 'NONE',  ( 0.6049999999999998712, 0.1999999999999999833, 0.9999999999999995559 ) ) ;
#3176 = SURFACE_SIDE_STYLE ('',( #1571 ) ) ;
#3177 = DIRECTION ( 'NONE',  ( -0.000000000000000000, 1.000000000000000000, -0.000000000000000000 ) ) ;
#3178 = EDGE_LOOP ( 'NONE', ( #111, #1158, #2062, #1140 ) ) ;
#3179 = EDGE_CURVE ( 'NONE', #433, #2908, #1259, .T. ) ;
#3180 = VECTOR ( 'NONE', #2307, 1000.000000000000000 ) ;
#3181 = ORIENTED_EDGE ( 'NONE', *, *, #2460, .F. ) ;
#3182 = DIRECTION ( 'NONE',  ( 0.000000000000000000, 0.000000000000000000, 1.000000000000000000 ) ) ;
#3183 = VERTEX_POINT ( 'NONE', #576 ) ;
#3184 = CIRCLE ( 'NONE', #2612, 0.1000000000000001582 ) ;
#3185 = DIRECTION ( 'NONE',  ( 0.000000000000000000, -1.000000000000000000, 0.000000000000000000 ) ) ;
#3186 = EDGE_LOOP ( 'NONE', ( #2494, #894 ) ) ;
#3187 = VECTOR ( 'NONE', #2438, 1000.000000000000000 ) ;
#3188 = EDGE_CURVE ( 'NONE', #790, #2738, #95, .T. ) ;
#3189 = DIRECTION ( 'NONE',  ( 0.000000000000000000, 0.000000000000000000, 1.000000000000000000 ) ) ;
#3190 = DIRECTION ( 'NONE',  ( 0.000000000000000000, -1.000000000000000000, 0.000000000000000000 ) ) ;
#3191 = ORIENTED_EDGE ( 'NONE', *, *, #2366, .F. ) ;
#3192 = APPLICATION_CONTEXT ( 'automotive_design' ) ;
#3193 = VECTOR ( 'NONE', #1424, 1000.000000000000000 ) ;
#3194 = ORIENTED_EDGE ( 'NONE', *, *, #2366, .T. ) ;
#3195 = CARTESIAN_POINT ( 'NONE',  ( 0.3249999999999997335, 0.1999999999999999833, -1.000000000000000444 ) ) ;
#3196 = CYLINDRICAL_SURFACE ( 'NONE', #1610, 0.09999999999999993616 ) ;
#3197 = CIRCLE ( 'NONE', #2697, 0.1000000000000002554 ) ;
#3198 = DIRECTION ( 'NONE',  ( 0.000000000000000000, -1.000000000000000000, 0.000000000000000000 ) ) ;
#3199 = PRODUCT_DEFINITION ( 'UNKNOWN', '', #2446, #965 ) ;
#3200 = EDGE_CURVE ( 'NONE', #745, #167, #1191, .T. ) ;
#3201 = DIRECTION ( 'NONE',  ( 5.421010862427508365E-16, 0.000000000000000000, 1.000000000000000000 ) ) ;
#3202 = DIRECTION ( 'NONE',  ( 1.000000000000000000, 0.000000000000000000, 1.936075308009831389E-16 ) ) ;
#3203 = LINE ( 'NONE', #1327, #2187 ) ;
#3204 = FACE_OUTER_BOUND ( 'NONE', #578, .T. ) ;
#3205 = AXIS2_PLACEMENT_3D ( 'NONE', #2528, #2084, #102 ) ;
#3206 = LINE ( 'NONE', #268, #2169 ) ;
#3207 = CARTESIAN_POINT ( 'NONE',  ( 0.6049999999999998712, 0.1999999999999999833, 0.8999999999999992450 ) ) ;
#3208 = LINE ( 'NONE', #516, #3085 ) ;
#3209 = EDGE_LOOP ( 'NONE', ( #2594, #2407, #1242, #1681 ) ) ;
#3210 = VERTEX_POINT ( 'NONE', #2355 ) ;
#3211 =( GEOMETRIC_REPRESENTATION_CONTEXT ( 3 ) GLOBAL_UNCERTAINTY_ASSIGNED_CONTEXT ( ( #1047 ) ) GLOBAL_UNIT_ASSIGNED_CONTEXT ( ( #2070, #90, #1573 ) ) REPRESENTATION_CONTEXT ( 'NONE', 'WORKASPACE' ) );
#3212 = CYLINDRICAL_SURFACE ( 'NONE', #2065, 0.09999999999999993616 ) ;
#3213 = ORIENTED_EDGE ( 'NONE', *, *, #670, .F. ) ;
#3214 = ORIENTED_EDGE ( 'NONE', *, *, #3096, .T. ) ;
#3215 = LINE ( 'NONE', #2633, #1093 ) ;
#3216 = ORIENTED_EDGE ( 'NONE', *, *, #2569, .T. ) ;
#3217 = ORIENTED_EDGE ( 'NONE', *, *, #1458, .T. ) ;
ENDSEC;
END-ISO-10303-21;
